-- phpMyAdmin SQL Dump
-- version 5.2.1
-- https://www.phpmyadmin.net/
--
-- Host: 127.0.0.1
-- Generation Time: Feb 26, 2024 at 07:57 AM
-- Server version: 10.4.32-MariaDB
-- PHP Version: 8.2.12

SET SQL_MODE = "NO_AUTO_VALUE_ON_ZERO";
START TRANSACTION;
SET time_zone = "+00:00";


/*!40101 SET @OLD_CHARACTER_SET_CLIENT=@@CHARACTER_SET_CLIENT */;
/*!40101 SET @OLD_CHARACTER_SET_RESULTS=@@CHARACTER_SET_RESULTS */;
/*!40101 SET @OLD_COLLATION_CONNECTION=@@COLLATION_CONNECTION */;
/*!40101 SET NAMES utf8mb4 */;

--
-- Database: `test`
--

-- --------------------------------------------------------

--
-- Table structure for table `tbl_access_ct`
--

CREATE TABLE `tbl_access_ct` (
  `ac_id` int(11) NOT NULL,
  `ac_ip` varchar(64) NOT NULL,
  `ac_device_name` varchar(32) NOT NULL,
  `place_id` int(11) NOT NULL
) ENGINE=InnoDB DEFAULT CHARSET=utf8mb4 COLLATE=utf8mb4_general_ci;

--
-- Dumping data for table `tbl_access_ct`
--

INSERT INTO `tbl_access_ct` (`ac_id`, `ac_ip`, `ac_device_name`, `place_id`) VALUES
(1, '10.29.11.11	', '1111-80YB-ประตูหน้าลิฟท์	', 1),
(2, '10.29.11.12	', '1112-80Y3-PICU	', 1),
(3, '10.29.11.14	', '1114-80Y10-ศูนย์บำบัดไต	', 1),
(4, '10.29.11.15	', '1115-80Y6-IT-DEP	', 1),
(5, '10.29.11.16	', '1116-80Y7-หอผู้ป่วย	', 1),
(6, '10.29.11.17	', '1117-80Y7-หอผู้ป่วยศัลย์เด็ก	', 1),
(7, '10.29.11.18	', '1118-80Y7-ห้อง อ.ปิยวรรณ	', 1),
(8, '10.29.11.19	', '1119-80Y8-หอผู้ป่วย	', 1),
(9, '10.29.11.20	', '1120-80Y8-สถาบัน NKC	', 1),
(10, '10.29.11.21	', '1121-80Y9-หอผู้ป่วย	', 1),
(11, '10.29.11.22	', '1122-80Y10-หอผู้ป่วย	', 1),
(12, '10.29.11.23	', '1123-80Y11-หอผู้ป่วย	', 1),
(13, '10.29.11.24	', '1124-80Y12-หอผู้ป่วย	', 1),
(14, '10.29.11.25	', '1125-80Y5-ศูนย์ถันยเวช	', 1),
(15, '10.29.11.26	', '1126-80Y4-ศูนย์พัฒนาการเด็ก	', 1),
(16, '10.29.11.27	', '1127-80Y4-ทางเชื่อมชั้น 4	', 1),
(17, '10.29.11.51	', '1151-ADM1-งานประชาสัมพันธ์	', 2),
(18, '10.29.11.52	', '1152-ADM2-หน่วยผลิตตำรา	', 2),
(19, '10.29.11.53	', '1153-ADM2-งานอาคารฯ	', 2),
(20, '10.29.11.54	', '1154-ADM2-ส่งเสริมศิลปวัฒนฯ	', 2),
(21, '10.29.11.55	', '1155-ADM3-งานคลัง	', 2),
(22, '10.29.11.56	', '1156-ADM3-งานพัสดุ	', 2),
(23, '10.29.11.57	', '1157-ADM4-งานการเจ้าหน้าที่	', 2),
(24, '10.29.11.58	', '1158-ADM4-งานนโยบายและแผน	', 2),
(25, '10.29.11.59	', '1159-ADM4-HREC	', 2),
(26, '10.29.11.60	', '1160-ADM4-SRMU	', 2),
(27, '10.29.11.61	', '1161-ADM4-หน่วยเวชสาร	', 2),
(28, '10.29.11.62	', '1162-ADM4-งานวินัยและนิติฯ 	', 2),
(29, '10.29.11.63	', '1163-ADM3-ห้องผู้บริหารฯ	', 2),
(30, '10.29.11.64	', '1164-ADM2-ห้องเก็บพัสดุฯ	', 2),
(31, '10.29.11.65	', '1165-ADM1-ลงเวลา1	', 2),
(32, '10.29.11.66	', '1166-ADM1-ทางเข้าอาคาร2	', 2),
(33, '10.29.11.67	', '1167-ADM1-ทางเข้าอาคาร3	', 2),
(34, '10.29.12.11	', '1211-PDB-หน่วยขนย้ายผู้ป่วย	', 3),
(35, '10.29.12.12	', '1212-PDB-งานโภชนาการ	', 3),
(36, '10.29.12.13	', '1213-PD1-OneStopข้าง	', 3),
(37, '10.29.12.14	', '1214-PD1-OneStopหลัก	', 3),
(38, '10.29.12.17	', '1217-PD1-บัตรผู้ป่วยนอก	', 3),
(39, '10.29.12.18	', '1218-PD1-เวชระเบียน	', 3),
(40, '10.29.12.19	', '1219-PD1- ห้องโทรศัพท์ 	', 3),
(41, '10.29.12.20	', '1220-PD1-มูลนิธิ ประตู1	', 3),
(42, '10.29.12.21	', '1221-PD1-มูลนิธิ ประตู2	', 3),
(43, '10.29.12.22	', '1222-PD2-ห้องผู้อำนวยการ รพ.	', 3),
(44, '10.29.12.23	', '1223-PD2-CCTV1	', 3),
(45, '10.29.12.24	', '1224-PD2-CCTV2	', 3),
(46, '10.29.12.25	', '1225-PD2-หน่วยคุณภาพ	', 3),
(47, '10.29.12.26	', '1226-PD2-งานสิทธิประโยชน์	', 3),
(48, '10.29.12.27	', '1227-PD2-งานเงินรายได้	', 3),
(49, '10.29.12.28	', '1228-PD2-ธุรการ	', 3),
(50, '10.29.12.30	', '1230-PD3-ห้องพักแพทย์กุมาร	', 3),
(51, '10.29.12.31	', '1231-PD3-NICU	', 3),
(52, '10.29.12.33	', '1233-PD3-ให้คำปรึกษา	', 3),
(53, '10.29.12.34	', '1234-PD3-พักอ.เวชศาสตร์	', 3),
(54, '10.29.12.35	', '1235-PD8-มะเร็งนรีเวช	', 3),
(55, '10.29.12.36	', '1236-PD3-อัลตร้าซาวด์	', 3),
(56, '10.29.12.38	', '1238-PD4-ภาควิชาสูตินรีเวช	', 3),
(57, '10.29.12.39	', '1239-PD4-หอผู้ป่วยพิเศษ	', 3),
(58, '10.29.12.40	', '1240-PD5-หอผู้ป่วยเด็ก1	', 3),
(59, '10.29.12.41	', '1241-PD5-ห.ผู้ป่วยเด็ก PMCU	', 3),
(60, '10.29.12.43	', '1243-PD6-หอผู้ป่วยเด็ก2	', 3),
(61, '10.29.12.46	', '1246-PD7-หอผู้ป่วยพิเศษเด็ก	', 3),
(62, '10.29.12.47	', '1247-PD8-หอผู้ป่วยนรีเวช	', 3),
(63, '10.29.12.48	', '1248-PD1-ลงเวลา2	', 3),
(64, '10.29.12.49	', '1249-MDSR12- โลหิตวิทยา	', 4),
(65, '10.29.12.60	', '1260-HSB-ห้องเด็กอ่อน	', 5),
(66, '10.29.12.61	', '1261-HSB-รับส่งผู้ป่วยห้องผ่าตัด', 5),
(67, '10.29.12.62	', '1262-HS3-เปลี่ยนชุดหญิง	', 5),
(68, '10.29.12.63	', '1263-HS3-เปลี่ยนชุดชาย	', 5),
(69, '10.29.12.64	', '1264-HS3-ผ่าตัดใหญ่-เก็บวัสดุ	', 5),
(70, '10.29.12.65	', '1265-MDSR7-น.ศัลย์หลอดเลือด	', 5),
(71, '10.29.12.70	', '1270-MDSR4-ห้องพักแพทย์ ญ	', 4),
(72, '10.29.12.71	', '1271-MDSR4-Common Room	', 4),
(73, '10.29.12.72	', '1272-MDSR4-ห้องสมุด	', 4),
(74, '10.29.12.73	', '1273-MDSR4-ห้องพักแพทย์ ช	', 4),
(75, '10.29.12.74	', '1274-MDSR7-หอผู้ป่วย ศช.1	', 4),
(76, '10.29.12.75	', '1275-MDSR8-หอป่วยพิเศษ อช.2	', 4),
(77, '10.29.12.76	', '1276-MDSR9-หอผู้ป่วย อช.1	', 4),
(78, '10.29.12.77	', '1277-MDSR10-หอผู้ป่วย อท.	', 4),
(79, '10.29.12.78	', '1278-MDSR10-MRCU-OR	', 4),
(80, '10.29.12.79	', '1279-MDSR11-หอผู้ป่วย อญ.	', 4),
(81, '10.29.12.80	', '1280-MDSR3-SICU	', 4),
(82, '10.29.12.81	', '1281-MDSR3-MICUศูนย์อุปกรณ์	', 4),
(83, '10.29.12.82	', '1282-MDSR4-หอผู้ป่วยศญ.	', 4),
(84, '10.29.12.84	', '1284-MDSR5-หอผู้ป่วย หูคอ	', 4),
(85, '10.29.12.85	', '1285-MDSR5-หอผู้ป่วย ศช.2	', 4),
(86, '10.29.12.86	', '1286-MDSR6-หอผู้ป่วยตา	', 4),
(87, '10.29.12.87	', '1287-MDSR6-หอผู้ป่วยพิเศษ	', 4),
(88, '10.29.12.88	', '1288-MDSR12-ภาคอายุรศาสตร์	', 4),
(89, '10.29.12.90	', '1290-MDSR1-หอผู้ป่วยจิตเวชin	', 4),
(90, '10.29.12.91	', '1291-MDSR1-หอผู้ป่วยจิตเวชout	', 4),
(91, '10.29.12.92	', '1292-MDSR5-ศัลย์หัวใจทรวงอก	', 4),
(92, '10.29.12.93	', '1293-MDSR8-ห้องพักอาจารย์	', 4),
(93, '10.29.12.94	', '1294-MDSR8-ห้องพักจนท.	', 4),
(94, '10.29.12.95	', '1295-MDSR5-ศัลย์อุบัติเหตุ	', 4),
(95, '10.29.12.96	', '1296-MDSR10-ห้องพักอาจารย์	', 4),
(96, '10.29.12.97	', '1297-MDSR11-ห้องพักแพทย์ภ.อายุ	', 4),
(97, '10.29.12.98	', '1298-HSB-ห้องผ่าตัดเล็ก	', 5),
(98, '10.29.12.99	', '1299-PD4-สาขาวิชากุมารเวชฯ	', 3),
(99, '10.29.13.11	', '1311-100YB-ศูนย์คัดกรอง	', 6),
(100, '10.29.13.13	', '1313-100Y2-แผนกนิวโร	', 6),
(101, '10.29.13.14	', '1314-100Y3-เปลี่ยนเสื้อจนท	', 6),
(102, '10.29.13.17	', '1317-100Y4-Stroke unit	', 6),
(103, '10.29.13.18	', '1318-100Y4-ปฏิบัติการCRC	', 6),
(104, '10.29.13.19	', '1319-100Y4-ประตูหน้าCRC	', 6),
(105, '10.29.13.21	', '1321-100Y4-ห้องพักเจ้าหน้าที่	', 6),
(106, '10.29.13.22	', '1322-100Y5-PICUบุคลากร	', 6),
(107, '10.29.13.23	', '1323-100Y5-PUI-ประตูหน้า	', 6),
(108, '10.29.13.24	', '1324-100Y5-PUI-ประตูหลัง	', 6),
(109, '10.29.13.25	', '1325-100Y6-ชีวการแพทย์	', 6),
(110, '10.29.13.26	', '1326-100Y6-ศูนย์เลสิค	', 6),
(111, '10.29.13.29	', '1329-100YB-Ambulatory	', 6),
(112, '10.29.13.30	', '1330-100YB-หัถการและส่องกล้อง	', 6),
(113, '10.29.13.33	', '1333-EETNB-เภสัชคลังยา_in	', 7),
(114, '10.29.13.34	', '1334-EETNB-เภสัชคลังยา_out	', 7),
(115, '10.29.13.35	', '1335-EETNB-สำนักงานคลังยา_in	', 7),
(116, '10.29.13.36	', '1336-EETNB-สำนักงานคลังยา_out	', 7),
(117, '10.29.13.37	', '1337-EETNB-คลังพัสดุ	', 7),
(118, '10.29.13.38	', '1338-EETN1-เภสัชฯ ด้านใน	', 7),
(119, '10.29.13.39	', '1339-EETN1-การเงินผู้ป่วยใน_in	', 7),
(120, '10.29.13.40	', '1340-EETN1-การเงินผู้ป่วยใน_out	', 7),
(121, '10.29.13.41	', '1341-EETN1-การเงินผู้ป่วยนอก_in	', 7),
(122, '10.29.13.42	', '1342-EETN1-การเงินผู้ป่วยนอก_out', 7),
(123, '10.29.13.43	', '1343-EETN3-MICUห้องล้างของ	', 7),
(124, '10.29.13.44	', '1344-EETN4-ภ.วิสัญญีวิทยา	', 7),
(125, '10.29.13.45	', '1345-EETN4-ภ.จักษุวิทยา	', 7),
(126, '10.29.13.46	', '1346-EETN2-ภ.จิตเวชศาสตร์	', 7),
(127, '10.29.13.50	', '1350-EETN1-ฝ่ายเภสัชin	', 7),
(128, '10.29.13.51	', '1351-EETN1-ฝ่ายเภสัชout	', 7),
(129, '10.29.13.52	', '1352-EETNB-จ่ายผ้ากลาง	', 7),
(130, '10.29.14.11	', '1411-RAT1-ห้องบัตรฉุกเฉิน	', 8),
(131, '10.29.14.12	', '1412-RAT1-ห้องฉุกเฉินหน้า	', 8),
(132, '10.29.14.13	', '1413-RAT1-ห้องวิทยุสมัครเล่น	', 8),
(133, '10.29.14.14	', '1414-RAT1-ล็อคเกอร์ER	', 8),
(134, '10.29.14.15	', '1415-RAT1-ห้องฉุกเฉินหลัง	', 8),
(135, '10.29.14.16	', '1416-RAT1-ประตูสไลด์	', 8),
(136, '10.29.14.17	', '1417-RAT1-ประตูทางหนีไฟ	', 8),
(137, '10.29.14.18	', '1418-RAT1-เอ็กซเรย์คอมฯ	', 8),
(138, '10.29.14.19	', '1419-RAT2-ห้องพักแพทย์	', 8),
(139, '10.29.14.20	', '1420-RAT2-งานการเงิน	', 8),
(140, '10.29.14.23	', '1423-RAT2-งานสิทธิประโยชน์	', 8),
(141, '10.29.14.24	', '1424-RAT2-ฝ่ายเภสัช-ห้องยา	', 8),
(142, '10.29.14.25	', '1425-RAT3-เปลี่ยนเสื้อผ้า ญ	', 8),
(143, '10.29.14.26	', '1426-RAT3-เปลี่ยนเสื้อผ้า ช	', 8),
(144, '10.29.14.27	', '1427-RAT3-ห้องเก็บยาวิสัญญี	', 8),
(145, '10.29.14.28	', '1428-RAT3-ห้องผ่าตัดทางเข้าหลัก	', 8),
(146, '10.29.14.29	', '1429-RAT4-MED Psu Space	', 8),
(147, '10.29.14.30	', '1430-RAT4-ศูนย์การเรียนรู้ฯ	', 8),
(148, '10.29.14.31	', '1431-RAT5-หอผู้ป่วย Burn	', 8),
(149, '10.29.14.32	', '1432-RAT5-ห.Burn(ด้านหลัง)	', 8),
(150, '10.29.14.33	', '1433-RAT7-HOCC_PSU	', 8),
(151, '10.29.14.34	', '1434-RAT6-หอผู้ป่วยศัลย์ประสาท	', 8),
(152, '10.29.14.35	', '1435-RAT6-ห้องพักศัลย์	', 8),
(153, '10.29.14.36	', '1436-RAT7-หอผู้ป่วยศัลย์เด็ก	', 8),
(154, '10.29.14.37	', '1437-RAT8-หอผู้ป่วย	', 8),
(155, '10.29.14.38	', '1438-RAT9-หอผู้ป่วยเวชวิวัฒน์3	', 8),
(156, '10.29.14.39	', '1439-RAT10-หอผู้ป่วยเวชวิวัฒน์2	', 8),
(157, '10.29.14.40	', '1440-RAT11-หอผู้ป่วยเวชวิวัฒน์1	', 8),
(158, '10.29.14.41	', '1441-RAT12-ประตูหน้าลิฟท์	', 8),
(159, '10.29.14.42	', '1442-RAT12-เวชศาสตร์ฉุกเฉิน_in	', 8),
(160, '10.29.14.43	', '1443-RAT12-เวชศาสตร์ฉุกเฉิน_out	', 8),
(161, '10.29.14.44	', '1444-RAT12-เก็บอุปกรณ์	', 8),
(162, '10.29.15.11	', '1511-OTHO2-พักแพทย์เวชศาส	', 9),
(163, '10.29.15.12	', '1512-OTHO2-พักแพทย์ออร์โธ ญ	', 9),
(164, '10.29.15.13	', '1513-OTHO2-หอผู้ป่วยช.	', 9),
(165, '10.29.15.14	', '1514-OTHO3-หอผู้ป่วยญ.	', 9),
(166, '10.29.15.15	', '1515-OTHOB-ห้องพักนักกายภาพ	', 10),
(167, '10.29.15.16	', '1516-MDSR2-ควบคุมการติดเชื้อ	', 4),
(168, '10.29.15.18	', '1518-PTHOB-งานเวชภัณฑ์กลาง	', 10),
(169, '10.29.15.20	', '1520-PTHOB-เวชภัณฑ์กลางภายใน	', 10),
(170, '10.29.15.21	', '1521-PTHOB-ข้างห้องMRI	', 10),
(171, '10.29.15.22	', '1522-PTHO1-ทางเข้าภาควิชา	', 10),
(172, '10.29.15.23	', '1523-PTHO1-บันไดหลัง	', 10),
(173, '10.29.15.25	', '1525-PTHO1-บันไดหน้า	', 10),
(174, '10.29.15.26	', '1526-PTHO1-ทางเชื่อม12	', 10),
(175, '10.29.15.27	', '1527-PTHO2-ทางเข้าภาควิชา	', 10),
(176, '10.29.15.30	', '1530-PTHO3-ทางเข้าภาควิชา	', 10),
(177, '10.29.15.31	', '1531-PTHO4-ทางเข้าภาควิชา	', 10),
(178, '10.29.15.32	', '1532-PTHOB-ลงเวลา3	', 10),
(179, '10.29.15.41	', '1541-RDM-molecular	', 11),
(180, '10.29.15.42	', '1542-RDM2ห้องตรวจ SPECT	', 11),
(181, '10.29.15.43	', '1543-OTHO1-ตรวจการได้ยิน	', 7),
(182, '10.29.15.70	', '1570-RDM3-หน่วยมีบุตรยาก	', 3),
(183, '10.29.16.11	', '1611-SRVB-ห้องพักเวรชาย	', 12),
(184, '10.29.16.12	', '1612-SRVB-ห้องพักเวรหญิง	', 12),
(185, '10.29.16.13	', '1613-SRVB-ข้างบันไดเลื่อน	', 12),
(186, '10.29.16.14	', '1614-SRVB-ทางออกด้านหลัง	', 12),
(187, '10.29.16.15	', '1615-SRVB-เข้าศูนย์หลอดเลือด	', 12),
(188, '10.29.16.16	', '1616-SRVB-ห้องstock	', 12),
(189, '10.29.16.17	', '1617-SRVB-ห้องเวรเปล	', 12),
(190, '10.29.16.18	', '1618-SRVB-ทางเข้าหลัก	', 12),
(191, '10.29.16.19	', '1619-SRVB-แม่บ้านศ.หลอดเลือด	', 12),
(192, '10.29.16.20	', '1620-SRV1-ห้องการเงิน	', 12),
(193, '10.29.16.21	', '1621-SRV3-ICU-CVT1-ทางเข้าAuto	', 12),
(194, '10.29.16.22	', '1622-SRV3-ORCVT1-ทางเข้าOR	', 12),
(195, '10.29.16.23	', '1623-SRV3-ห้องประชุม-Auto	', 12),
(196, '10.29.16.24	', '1624-SRV3-ORCVT4ทางออกด้านข้าง	', 12),
(197, '10.29.16.25	', '1625-SRV3-ORCVT5ทางออกห้องล้าง	', 12),
(198, '10.29.16.26	', '1626-SRV3-ICU-CVT3-ประตูจนท	', 12),
(199, '10.29.16.27	', '1627-SRV3-ICU-CVT2-ห้องแยก	', 12),
(200, '10.29.16.28	', '1628-SRV3-ICU-CVT4-ห้องน้ำญ	', 12),
(201, '10.29.16.29	', '1629-SRV3-ICU-CVT5-ห้องน้ำช	', 12),
(202, '10.29.16.30	', '1630-SRV3-ICU-CVT6-ห้องยาIN	', 12),
(203, '10.29.16.31	', '1631-SRV3-ICU-CVT6-ห้องยาout	', 12),
(204, '10.29.16.32	', '1632-SRV3-ORCVT3-เปลี่ยนชุดหญิง	', 12),
(205, '10.29.16.33	', '1633-SRV3-ORCVT2-เปลี่ยนชุดชาย	', 12),
(206, '10.29.16.34	', '1634-SRV3-ORCVT8-พักแพทย์เวร	', 12),
(207, '10.29.16.35	', '1635-SRV4-ORCVT9-หลังห้องประชุม	', 12),
(208, '10.29.16.36	', '1636-SRV3-ORCVT7-เก็บเวชภัณฑ์	', 12),
(209, '10.29.16.37	', '1637-SRV4-ห้องตรวจหัวใจ	', 12),
(210, '10.29.16.38	', '1638-SRV4-ห้องสวนหัวใจ1	', 12),
(211, '10.29.16.39	', '1639-SRV-ห้องสวนหัวใจ2	', 12),
(212, '10.29.16.40	', '1640-SRV4-ห้องนัดสวนหัวใจ	', 12),
(213, '10.29.16.41	', '1641-SRV4-หอผู้ป่วย post cath	', 12),
(214, '10.29.16.42	', '1642-SRV4-ห้องยา post cath	', 12),
(215, '10.29.16.43	', '1643-SRV4-ห้องพักสวนหัวใจ	', 12),
(216, '10.29.16.44	', '1644-SRV4-ห้องเปลี่ยนผ้าสวนหัวใจ', 12),
(217, '10.29.16.45	', '1645-SRV-ห้องล้างเครื่องมือ	', 12),
(218, '10.29.16.46	', '1646-SRV8-ส.ชีวเวชและวิศวฯ	', 12),
(219, '10.29.16.47	', '1647-SRV8-ชีวเวชฯวิศวะ(ข้าง)	', 12),
(220, '10.29.16.48	', '1648-SRV9-ภ.ออร์โธ(ข้าง)	', 12),
(221, '10.29.16.49	', '1649-SRV9-ภ.ออร์โธ	', 12),
(222, '10.29.16.50	', '1650-SRV10-ห้องพักอ.กายภาพ	', 12),
(223, '10.29.16.51	', '1651-SRV10-กายภาพหน้า	', 12),
(224, '10.29.16.52	', '1652-SRV10-กายภาพหลัง	', 12),
(225, '10.29.16.53	', '1653-SRV11-ภ.เวชครอบครัว	', 12),
(226, '10.29.16.54	', '1654-SRV11-ภ.เวชครอบครัวหลัง	', 12),
(227, '10.29.16.55	', '1655-SRV14-ภ.ศัลย์ทางเข้า	', 12),
(228, '10.29.16.56	', '1656-SRV14-ภ.ศัลย์หลัง	', 12),
(229, '10.29.16.57	', '1657-SRV15-ภ.ศัลย์ทางเข้า	', 12),
(230, '10.29.16.58	', '1658-SRV15-ภ.ศัลย์หลัง	', 12),
(231, '10.29.16.59	', '1659-SRV12-ภ.รังสีทางเข้า	', 12),
(232, '10.29.16.60	', '1660-SRV12-ภ.รังสีทางหลัง	', 12),
(233, '10.29.16.70	', '1670-SRVB-ห้องหัวหน้าศูนย์	', 12),
(234, '10.29.16.71	', '1671-SRV3-ห้องจ่ายยาวิสัญ	', 12),
(235, '10.29.17.20	', '1720-RES1-ประตูลิฟท์ฝั่งลานจอดรถ', 13),
(236, '10.29.17.21	', '1721-RES1-โถงลิฟท์	', 13),
(237, '10.29.17.22	', '1722-RES2-ห้องประชุม	', 13),
(238, '10.29.17.23	', '1723-RES2-โถงลิฟท์	', 13),
(239, '10.29.17.24	', '1724-RES2-สำนักงานส่งเสริม	', 13),
(240, '10.29.17.25	', '1725-RES2-สำนักงาน EC	', 13),
(241, '10.29.17.26	', '10.29.17.26	', 13),
(242, '10.29.17.27	', '10.29.17.27	', 13),
(243, '10.29.17.28	', '10.29.17.28	', 13),
(244, '10.29.17.29	', '10.29.17.29	', 13),
(245, '10.29.17.30	', '10.29.17.30	', 13),
(246, '10.29.17.31	', '10.29.17.31	', 13),
(247, '10.29.17.32	', '10.29.17.32	', 13),
(248, '10.29.17.33	', '10.29.17.33	', 13),
(249, '10.29.17.34	', '10.29.17.34	', 13),
(250, '10.29.17.35	', '10.29.17.35	', 13),
(251, '10.29.17.36	', '10.29.17.36	', 13),
(252, '10.29.17.37	', '10.29.17.37	', 13),
(253, '10.29.17.38	', '10.29.17.38	', 13),
(254, '10.29.17.39	', '10.29.17.39', 13),
(255, '10.29.17.40	', '10.29.17.40	', 13),
(256, '10.29.17.41	', '10.29.17.41	', 13),
(257, '10.29.17.42	', '10.29.17.42	', 13),
(258, '10.29.17.43	', '10.29.17.43	', 13),
(259, '10.29.17.44	', '10.29.17.44	', 13),
(260, '10.29.17.45	', '10.29.17.45	', 13),
(261, '10.29.17.46	', '10.29.17.46	', 13),
(262, '10.29.17.47	', '10.29.17.47	', 13),
(263, '10.29.17.48	', '10.29.17.48	', 13),
(264, '10.29.17.49	', '10.29.17.49	', 13),
(265, '10.29.17.50	', '10.29.17.50	', 13),
(266, '10.29.17.51	', '10.29.17.51	', 13),
(267, '10.29.17.52	', '10.29.17.52	', 13),
(268, '10.29.17.53	', '10.29.17.53	', 13),
(269, '10.29.17.54	', '10.29.17.54	', 13),
(270, '10.29.17.55	', '10.29.17.55	', 13),
(271, '10.29.17.56	', '10.29.17.56	', 13),
(272, '10.29.17.57	', '10.29.17.57	', 13),
(273, '10.29.17.58	', '10.29.17.58	', 13),
(274, '10.29.17.59	', '10.29.17.59	', 13),
(275, '10.29.17.60	', '10.29.17.60	', 13),
(276, '10.29.18.11	', '1811-EDU-1ประตูหน้าอาคาร	', 16),
(277, '10.29.18.12	', '1812-EDU-งานวิศวะฯ	', 16),
(278, '10.29.18.13	', '1813-EDU1-ทางเข้าศูนย์ประชุม	', 16),
(279, '10.29.18.14	', '1814-EDU2-เข้า-ออก_ด้านหน้า	', 16),
(280, '10.29.18.15	', '1815-EDU2-เข้า-ออก_ด้านหลัง	', 16),
(281, '10.29.18.16	', '1816-EDU3- งานวิเทศสัมพันธ์	', 16),
(282, '10.29.18.17	', '1817-EDU3-สำนักงานงานโสตฯ	', 16),
(283, '10.29.18.18	', '1818-EDU-3ปฏิบัติการจุลทรรศน์	', 16),
(284, '10.29.18.19	', '1819-EDU3-สำนักงานCAI	', 16),
(285, '10.29.18.20	', '1820-EDU-3สำนักงานอาชีวอนามัย	', 16),
(286, '10.29.18.21	', '1821-EDU-4พิพิธภัณฑ์_หลัง	', 16),
(287, '10.29.18.22	', '1822-EDU-4จุลทรรศน์ _หลัง	', 16),
(288, '10.29.18.23	', '1823-EDU-4จุลทรรศน์_หน้า	', 16),
(289, '10.29.18.24	', '1824-EDU-4พิพิธภัณฑ์_หน้า	', 16),
(290, '10.29.18.25	', '1825-EDU6-คลีนิค เทรนนิ่ง	', 16),
(291, '10.29.18.26	', '1826-EDU6-เข้า-ออก_ด้านหน้า	', 16),
(292, '10.29.18.27	', '1827-EDU6-เข้า-ออก_ด้านหลัง	', 16),
(293, '10.29.18.28	', '1828-EDU7-ห้องผู้บริหาร	', 16),
(294, '10.29.18.29	', '1829-EDU-7สนง.แพทย์ศาสตร์ฯ	', 16),
(295, '10.29.18.30	', '1830-EDU-7งานกิจการนักศึกษา	', 16),
(296, '10.29.18.31	', '1831-EDU-7สนง.ทะเบียน	', 16),
(297, '10.29.18.34	', '1834-BIOM1-ชีวเวชประตูเข้า	', 14),
(298, '10.29.18.35	', '1835-BIOM3-ชีวเวชทางเชื่อม รพ.	', 14),
(299, '10.29.18.36	', '1836-EDU1-ลงเวลา4	', 16),
(300, '10.29.19.11	', '1911-DM-ประสานใจ1_B1	', 17),
(301, '10.29.19.12	', '10.29.19.12	', 17),
(302, '10.29.19.13	', '10.29.19.13	', 17),
(303, '10.29.19.14	', '10.29.19.14	', 17),
(304, '10.29.19.15	', '10.29.19.15	', 17),
(305, '10.29.19.16	', '10.29.19.16	', 17),
(306, '10.29.19.17	', '10.29.19.17	', 17),
(307, '10.29.19.18	', '10.29.19.18	', 17),
(308, '10.29.19.19	', '10.29.19.19	', 17),
(309, '10.29.19.20	', '10.29.19.20	', 17),
(310, '10.29.19.21	', '10.29.19.21	', 17),
(311, '10.29.19.22	', '10.29.19.22	', 17),
(312, '10.29.19.23	', '10.29.19.23	', 17),
(313, '10.29.19.24	', '10.29.19.24	', 17),
(314, '10.29.19.25	', '10.29.19.25	', 17),
(315, '10.29.19.26	', '1926-DM-ปิ่นสงขลา2_R1 	', 17),
(316, '10.29.19.27	', '1927-DM-ปิ่นสงขลา1_2	', 17),
(317, '10.29.19.28	', '1928-DM-ปิ่นสงขลา1_Q1	', 17),
(318, '10.29.19.29	', '1929	', 17),
(319, '10.29.19.30	', '1930	', 17),
(320, '10.29.19.31	', '1931	', 17),
(321, '10.29.19.32	', '1932	', 17),
(322, '10.29.19.33	', '1933	', 17),
(323, '10.29.19.51	', '1951	', 17),
(324, '10.29.19.52	', '1952	', 17),
(325, '10.29.19.53	', '1953-DM-ดาราคาม2_U1	', 17),
(326, '10.29.19.54	', '1954	', 17),
(327, '10.29.20.11	', '2011-DM-งามทักษิณ1_L1	', 17),
(328, '10.29.20.12	', '2012-DM-งามทักษิณ1_L2	', 17),
(329, '10.29.20.13	', '2013-DM-งามทักษิณ1_L3	', 17),
(330, '10.29.20.14	', '2014-DM-งามทักษิณ1_L4	', 17),
(331, '10.29.20.15	', '2015-DM-งามทักษิณ1_L5	', 17),
(332, '10.29.20.16	', '2016-DM-งามทักษิณ1_L6	', 17),
(333, '10.29.20.17	', '2017-DM-งามทักษิณ2_M1	', 17),
(334, '10.29.20.18	', '2018-DM-งามทักษิณ2_M2	', 17),
(335, '10.29.20.19	', '2019-DM-งามทักษิณ2_M3	', 17),
(336, '10.29.20.20	', '2020-DM-งามทักษิณ2_M4	', 17),
(337, '10.29.20.21	', '2021-DM-งามทักษิณ2_M5	', 17),
(338, '10.29.20.22	', '2022-DM-งามทักษิณ2_M6	', 17),
(339, '10.29.20.23	', '2023-DM-งามทักษิณ3_N1	', 17),
(340, '10.29.20.24	', '2024-DM-งามทักษิณ3_N2	', 17),
(341, '10.29.20.25	', '2025-DM-งามทักษิณ3_N3	', 17),
(342, '10.29.20.26	', '2026-DM-งามทักษิณ3_N4	', 17),
(343, '10.29.20.27	', '2027-DM-งามทักษิณ3_N5	', 17),
(344, '10.29.20.28	', '2028-DM-งามทักษิณ3_N6	', 17),
(345, '10.29.20.29	', '2029-DM-เวชคาม1_I1	', 17),
(346, '10.29.20.30	', '2030-DM-เวชคาม1_I2	', 17),
(347, '10.29.20.31	', '2031-DM-เวชคาม1_I3	', 17),
(348, '10.29.20.32	', '2032-DM-เวชคาม1_I4	', 17),
(349, '10.29.20.33	', '10.29.20.33	', 17),
(350, '10.29.20.34	', '2034-DM-เวชคาม2_H2	', 17),
(351, '10.29.20.35	', '2035-DM-เวชคาม2_H3	', 17),
(352, '10.29.20.36	', '2036-DM-เวชคาม2_H4	', 17),
(353, '10.29.20.37	', '2037-DM-เวชคาม3_G1	', 17),
(354, '10.29.20.38	', '2038-DM-เวชคาม3_G2	', 17),
(355, '10.29.20.39	', '2039-DM-เวชคาม3_G3	', 17),
(356, '10.29.20.40	', '2040-DM-เวชคาม3_G4	', 17),
(357, '10.29.20.41	', '2041-DM-ศรีตรัง1_ทางขึ้น	', 17),
(358, '10.29.20.42	', '2042-DM-ศรีตรัง1_ด้านหลัง	', 17),
(359, '10.29.20.43	', '2043-DM-ศรีตรัง2_K1	', 17),
(360, '10.29.20.44	', '2044-DM-ศรีตรัง2_K2	', 17),
(361, '10.29.20.45	', '2045-DM-ศรีตรัง2_K3	', 17),
(362, '10.29.20.46	', '2046-DM-ศรีตรัง2_K4	', 17),
(363, '10.29.20.47	', '2047-DM-ศรีตรัง2_K5	', 17),
(364, '10.29.20.48	', '2048-DM-ศรีตรัง2_K6	', 17),
(365, '10.29.20.49	', '2049-DM-ศรีตรัง2_K7	', 17),
(366, '10.29.20.50	', '2050-DM-ศรีตรัง3_J1	', 17),
(367, '10.29.20.51	', '2051-DM-ศรีตรัง3_J2	', 17),
(368, '10.29.20.52	', '2052-DM-ศรีตรัง3_J3	', 17),
(369, '10.29.20.53	', '2053-DM-ศรีตรัง3_J4	', 17),
(370, '10.29.20.54	', '2054-DM-ศรีตรัง3_J5	', 17),
(371, '10.29.20.55	', '2055-DM-ศรีตรัง3_J6	', 17),
(372, '10.29.20.56	', '2056-DM-ศรีตรัง3_J7	', 17),
(373, '10.29.20.57	', '2057-DM-ศรีตรัง4_F1	', 17),
(374, '10.29.20.58	', '2058-DM-ศรีตรัง4_F2	', 17),
(375, '10.29.20.59	', '2059-DM-ศรีตรัง4_F3	', 17),
(376, '10.29.20.60	', '2060	', 17),
(377, '10.29.20.61	', '2061	', 17),
(378, '10.29.20.62	', '2062	', 17),
(379, '10.29.20.63	', '2063	', 17),
(380, '10.29.20.64	', '2064	', 17),
(381, '10.29.20.65	', '2065	', 17),
(382, '10.29.20.66	', '2066	', 17),
(383, '10.29.20.67	', '2067	', 17),
(384, '10.29.20.68	', '2068	', 17),
(385, '10.29.20.69	', '2069-DM-ศรีตรัง5_E6	', 17),
(386, '10.29.20.70	', '2070	', 17),
(387, '10.29.20.71	', '2071-DM-ศรีตรัง6_ทางขึ้น	', 17),
(388, '10.29.20.72	', '2072-DM-ศรีตรัง6_หลัง	', 17),
(389, '10.29.20.73	', '2073	', 17),
(390, '10.29.20.74	', '2074	', 17),
(391, '10.29.20.75	', '2075-DM-ศรีตรัง8	', 17),
(392, '10.29.20.76	', '2076-DM-ดาหลา1_X1	', 17),
(393, '10.29.20.77	', '2077-DM-ดาหลา1_X2	', 17),
(394, '10.29.20.78	', '2078	', 17),
(395, '10.29.20.79	', '2079	', 17),
(396, '10.29.22.11	', '2211-BUS-โรงจอดรถบัส	', 18),
(397, '10.29.22.151	', '22151-BG-80Y	', 18),
(398, '10.29.22.152	', '22152-BG-RES-in	', 18),
(399, '10.29.22.153	', '22153-BG-วิจัย	', 18),
(400, '10.29.22.154	', '22154-BG- งามทักษิณ	', 18),
(401, '10.29.22.155	', '22155-BG-เวชคาม	', 18),
(402, '10.29.22.156	', '22156 -BG-ประสานใจ	', 18),
(403, '10.29.22.157	', '22157-BG-สธ	', 18),
(404, '10.29.22.158	', '22158-BG-Green cafet	', 18);

-- --------------------------------------------------------

--
-- Table structure for table `tbl_customer`
--

CREATE TABLE `tbl_customer` (
  `cus_id` int(11) NOT NULL,
  `cus_number` int(11) NOT NULL COMMENT 'รหัสลูกค้า',
  `cus_name` varchar(64) NOT NULL COMMENT 'ชื่อลูกค้า',
  `cus_lastname` varchar(64) NOT NULL COMMENT 'นามสกุลลูกค้า',
  `cus_tel` varchar(64) NOT NULL COMMENT 'เบอร์โทรลูกค้า'
) ENGINE=InnoDB DEFAULT CHARSET=utf8mb4 COLLATE=utf8mb4_general_ci;

--
-- Dumping data for table `tbl_customer`
--

INSERT INTO `tbl_customer` (`cus_id`, `cus_number`, `cus_name`, `cus_lastname`, `cus_tel`) VALUES
(1, 1052708, 'ณัฐวุฒิ', 'คงปาน', '0984531332'),
(2, 1036969, 'ธันวา', 'บูรณานัด', '0921241231'),
(3, 1031460, 'วิศรุต', 'เกิดปานทอง', '0923812312'),
(5, 1015126, 'พิธา', 'ลิ้มเจริญรัตน์', '0942542123'),
(6, 1010691, 'นครินทร์', 'คงปาน', '0949234823'),
(8, 1074610, 'วีรยุทธ', 'แซ่สิ้ม', '0945959388'),
(9, 1015443, 'ภาณุพงค์', 'แก้วนวล', '0947284372'),
(10, 1024757, 'ปฏิภาณ', 'เหล็กหมาด', '0931231231'),
(11, 1019814, 'ชนม์ปิยะ', 'คงมณี', '0874488484');

-- --------------------------------------------------------

--
-- Table structure for table `tbl_device`
--

CREATE TABLE `tbl_device` (
  `device_id` int(11) NOT NULL,
  `cus_number` varchar(20) NOT NULL COMMENT 'หมายเลขลูกค้า',
  `device_number` varchar(32) NOT NULL COMMENT 'หมายเลขเครื่อง',
  `device_types` int(11) NOT NULL COMMENT 'ประเภทอุปกรณ์',
  `device_brand` varchar(32) NOT NULL COMMENT 'ยี่ห้อ',
  `device_model` varchar(32) NOT NULL COMMENT 'รุ่น',
  `device_password` varchar(32) NOT NULL COMMENT 'รหัสผ่านเข้าเครื่อง'
) ENGINE=InnoDB DEFAULT CHARSET=utf8mb4 COLLATE=utf8mb4_general_ci;

--
-- Dumping data for table `tbl_device`
--

INSERT INTO `tbl_device` (`device_id`, `cus_number`, `device_number`, `device_types`, `device_brand`, `device_model`, `device_password`) VALUES
(1, '1015126', '213123123123', 1, '2', 'TUF GAMING', '12345'),
(2, '1015126', '39ru2939r293', 2, '8', 'TUF GAMING', '12345'),
(3, '1015126', '931923912391', 3, '15', 'G2010', ''),
(4, '1024757', '312039012309', 2, '7', 'Swift 3 ', ''),
(5, '1024757', '511435523145', 1, '3', 'OPTIFLEX 2050', 'foloj70732'),
(6, '1024757', '045902390590', 1, '1', 'Nitro 5', ''),
(7, '1024757', '931023010000', 1, '4', 'N265', ''),
(8, '1024757', '094203940923', 1, '2', 'Nitro 5', ''),
(9, '1019814', '312435124535', 2, '8', 'TUF GAMING', '12345'),
(10, '1015126', '821398918938', 2, '8', 'TUF GAMING', '00500783'),
(11, '1052708', '039429040902', 1, '2', 'TUF GAMING', '12345'),
(12, '1024757', '312312312312', 2, '7', 'Swift 3', '12345'),
(13, '1015126', '311251351123', 2, '8', 'TUF GAMING', '12345'),
(14, '1015126', '312312312312', 1, '2', 'TUF GAMING', '12345'),
(15, '1015126', '125478191919', 2, '7', 'NIRTO 5', '12345'),
(16, '1015126', '123456789101', 1, '2', 'TUF GAMING', '12345'),
(17, '1015126', 'GNB154796512', 3, '15', 'MP287', '12345'),
(18, '1015126', '512135121351', 1, '2', 'TUF GAMING', '12345'),
(19, '1015126', '543511235115', 2, '8', 'TUF GAMING', '90301'),
(20, '1024757', '099997767676', 2, '7', 'Nitro 5', '');

-- --------------------------------------------------------

--
-- Table structure for table `tbl_device_brand`
--

CREATE TABLE `tbl_device_brand` (
  `brand_id` int(11) NOT NULL,
  `brand_name` varchar(64) NOT NULL COMMENT 'ชื่อแบรนด์',
  `device_type_id` int(11) NOT NULL COMMENT 'ประเภทอุปกรณ์'
) ENGINE=InnoDB DEFAULT CHARSET=utf8mb4 COLLATE=utf8mb4_general_ci;

--
-- Dumping data for table `tbl_device_brand`
--

INSERT INTO `tbl_device_brand` (`brand_id`, `brand_name`, `device_type_id`) VALUES
(1, 'ACER', 1),
(2, 'ASUS', 1),
(3, 'DELL', 1),
(4, 'HP', 1),
(5, 'LENOVO', 1),
(6, 'MSI', 1),
(7, 'ACER', 2),
(8, 'ASUS', 2),
(9, 'DELL', 2),
(10, 'HP', 2),
(11, 'LENOVO', 2),
(12, 'MICROSOFT', 2),
(13, 'MSI', 2),
(14, 'BROTHER', 3),
(15, 'CANON', 3),
(16, 'EPSON', 3),
(17, 'HP', 3);

-- --------------------------------------------------------

--
-- Table structure for table `tbl_device_types`
--

CREATE TABLE `tbl_device_types` (
  `device_type_id` int(11) NOT NULL COMMENT 'รหัสอุปกรณ์',
  `device_type_name` varchar(64) NOT NULL COMMENT 'ชื่ออุปกรณ์'
) ENGINE=InnoDB DEFAULT CHARSET=utf8mb4 COLLATE=utf8mb4_general_ci;

--
-- Dumping data for table `tbl_device_types`
--

INSERT INTO `tbl_device_types` (`device_type_id`, `device_type_name`) VALUES
(1, 'CCTV'),
(2, 'Access Control'),
(3, 'ไม้กั้น');

-- --------------------------------------------------------

--
-- Table structure for table `tbl_ipc`
--

CREATE TABLE `tbl_ipc` (
  `ipc_id` int(11) NOT NULL,
  `ipc_address` varchar(32) NOT NULL,
  `ipc_name` varchar(64) NOT NULL,
  `ipc_status` varchar(32) NOT NULL,
  `place_id` int(11) NOT NULL
) ENGINE=InnoDB DEFAULT CHARSET=utf8mb4 COLLATE=utf8mb4_general_ci;

--
-- Dumping data for table `tbl_ipc`
--

INSERT INTO `tbl_ipc` (`ipc_id`, `ipc_address`, `ipc_name`, `ipc_status`, `place_id`) VALUES
(1, '121.171', 'จุดตรวจรถจักรยานยนต์ประตู 108', '2', 19),
(2, '121.172', 'ทางออกประตู 108', '3', 19),
(3, '121.31', 'ลานจอดรถอาคารบริหาร', '2', 2),
(4, 'unknow', 'จุดรับส่ง OPD 2', '3', 19),
(5, '10.29.102.10', 'FL 1 บริหาร', '2', 2),
(6, '10.29.102.11', 'บริหาร โถง FL1', '2', 2),
(7, '10.29.102.12', 'บริหาร ประตูด้านหลัง', '2', 2),
(8, '10.29.102.13', 'บริหาร โถง FL1  180', '2', 2),
(9, '10.29.102.14', 'บริหาร หน้า', '2', 2),
(10, '10.29.102.15', 'บริหาร  FL1 บันไดหลัง', '2', 2),
(11, '10.29.102.16', 'บริหาร จุดจอดรถด้านข้าง-5', '2', 2),
(12, '10.29.102.17', 'บริหาร ทางออกลานจอดรถด้านหลัง', '2', 2),
(13, '10.29.102.18', 'บริหาร จุดจอดรถด้านข้าง-3', '2', 2),
(14, '10.29.102.19', 'บริหาร ทางออกลานจอดรถ', '2', 2),
(15, '10.29.102.20', 'บริหาร จุดจอดรถด้านข้าง-2', '2', 2),
(16, '10.29.102.21', 'บริหาร จุดจอดรถด้านข้าง-1', '2', 2),
(17, '10.29.102.22', 'บริหาร จุดจอดรถด้านข้าง-4', '2', 2),
(18, '10.29.102.23', 'บริหาร FL 2 บันไดหน้า', '2', 2),
(19, '10.29.102.24', 'บริหาร FL 2 บันไดหลัง', '2', 2),
(20, '10.29.102.25', 'บริหาร FL 3 บันไดหน้า', '2', 2),
(21, '10.29.102.26', 'บริหาร FL 3 บันไดหน้า', '2', 2),
(22, '10.29.102.27', 'บริหาร FL 3 งานคลังประตูหลัก', '2', 2),
(23, '10.29.102.28', 'บริหาร FL 4 บันไดหน้า', '2', 2),
(24, '10.29.102.29', 'บริหาร FL 4 บันไดหลัง', '2', 2),
(25, '10.29.102.30', 'บริหาร FL 5 บันไดหน้า', '2', 2),
(26, '10.29.102.31', 'บริหาร FL 5 บันไดหน้า', '2', 2),
(27, '10.29.102.32', 'บริหาร FL 6 บันไดหน้า', '2', 2),
(28, '10.29.102.33', 'บริหาร FL 6 บันไดหน้า', '2', 2),
(29, '10.29.103.10', '103.10 FLBศูนย์อาหาร', '1', 2),
(30, '10.29.103.100', '103.100 ฉบ.ลานจอด5A', '1', 1),
(31, '10.29.103.101', '103.101 ฉบ.ลานจอด5A', '1', 1),
(32, '10.29.103.102', '103.102 ฉบ.ลานจอด5A', '1', 1),
(33, '10.29.103.103', '103.103 ฉบ.ลานจอด5B', '1', 1),
(34, '10.29.103.104', '103.104 ฉบ.ลานจอด5B', '1', 1),
(35, '10.29.103.105', '103.105 ฉบ.ลานจอด6A', '1', 1),
(36, '10.29.103.106', '103.106 ฉบ.ลานจอด6A', '1', 1),
(37, '10.29.103.107', '103.107 ฉบ.ลานจอด6A', '1', 1),
(38, '10.29.103.108', '103.108 ฉบ.ลานจอด6B', '1', 1),
(39, '10.29.103.109', '103.109 ฉบ.ลานจอด6B', '1', 1),
(40, '10.29.103.11', 'ฉบ. โรงอาหาร FLB-8  180', '2', 1),
(41, '10.29.103.111', '103.111 ฉบ.ลานจอด7A', '1', 1),
(42, '10.29.103.112', '103.112 ฉบ.ลานจอด7A', '1', 1),
(43, '10.29.103.113', '103.113 ฉบ.ลานจอด7A', '1', 1),
(44, '10.29.103.114', '103.114 ฉบ. FL.C', '1', 1),
(45, '10.29.103.115', '20-ฉบ. ', '1', 1),
(46, '10.29.103.116', '21-ฉบ. ', '1', 1),
(47, '10.29.103.117', '22-ฉบ. ', '1', 1),
(48, '10.29.103.118', '23-ฉบ. ', '1', 1),
(49, '10.29.103.119', '24-ฉบ. ', '1', 1),
(50, '10.29.103.12', '103.12 FLBศูนย์อาหาร', '1', 1),
(51, '10.29.103.120', '25-ฉบ. ', '2', 1),
(52, '10.29.103.121', '26-ฉบ. ', '1', 1),
(53, '10.29.103.122', 'ลิฟท์ ฉบ. 27', '1', 1),
(54, '10.29.103.123', '28-ฉบ. ', '1', 1),
(55, '10.29.103.124', 'ฉบ. FL4-1', '3', 1),
(56, '10.29.103.125', 'ฉบ. FL4-2', '2', 1),
(57, '10.29.103.126', '103.126 PTZ ดาดฟ้า ฉบ. - FL C', '3', 1),
(58, '10.29.103.13', '103.13 FLBศูนย์อาหาร', '1', 1),
(59, '10.29.103.130', 'unknow 2', '3', 1),
(60, '10.29.103.14', '103.14 FLBศูนย์อาหาร', '1', 1),
(61, '10.29.103.15', '103.15 FLBศูนย์อาหาร', '1', 1),
(62, '10.29.103.16', '103.16 FLBศูนย์อาหาร', '1', 1),
(63, '10.29.103.17', '103.17 FLBศูนย์อาหาร', '1', 1),
(64, '10.29.103.18', '103.18 FLBศูนย์อาหาร', '1', 1),
(65, '10.29.103.19', '103.19 FLBศูนย์อาหาร', '1', 1),
(66, '10.29.103.20', '103.20 FLBศูนย์อาหาร', '1', 1),
(67, '10.29.103.21', '103.21 FLBศูนย์อาหาร', '1', 1),
(68, '10.29.103.22', 'ฉบ. FL1-1', '1', 1),
(69, '10.29.103.23', 'ฉบ. FL1-10', '2', 1),
(70, '10.29.103.24', 'ฉบ. FL1-2', '2', 1),
(71, '10.29.103.26', 'ฉบ. FL1-4', '2', 1),
(72, '10.29.103.27', 'ฉบ. FL1-5', '2', 1),
(73, '10.29.103.28', '103.28 ฉบ. FL1', '1', 1),
(74, '10.29.103.29', '103.29 ฉบ. FL1', '1', 1),
(75, '10.29.103.30', '103.30 ฉบ. FL1', '1', 1),
(76, '10.29.103.31', '103.31 ฉบ. FL1', '1', 1),
(77, '10.29.103.32', '103.32 ฉบ. FL1', '2', 1),
(78, '10.29.103.33', 'ฉบ. FL1-3', '1', 1),
(79, '10.29.103.34', '103.34 ฉบ. FL3', '1', 1),
(80, '10.29.103.35', '103.35 ฉบ. FL3', '1', 1),
(81, '10.29.103.36', '103.36 ฉบ. FL3', '1', 1),
(82, '10.29.103.37', '103.37 ฉบ. FL5', '1', 1),
(83, '10.29.103.38', '103.38 ฉบ. FL5', '1', 1),
(84, '10.29.103.39', '103.39 ฉบ. FL5', '1', 1),
(85, '10.29.103.40', '103.40 ฉบ. FL6', '1', 1),
(86, '10.29.103.41', '103.41 ฉบ. FL6', '1', 1),
(87, '10.29.103.42', '103.42 ฉบ. FL7', '1', 1),
(88, '10.29.103.43', '103.43 ฉบ. FL7', '1', 1),
(89, '10.29.103.44', '103.44 ฉบ. FL7', '1', 1),
(90, '10.29.103.45', '103.45 ฉบ. FL7', '1', 1),
(91, '10.29.103.46', '103.46 ฉบ. FL7', '1', 1),
(92, '10.29.103.47', '103.47 ฉบ. FL7', '1', 1),
(93, '10.29.103.48', '103.48 ฉบ. FL7', '1', 1),
(94, '10.29.103.49', '103.49 ฉบ. FL8', '1', 1),
(95, '10.29.103.50', '103.50 ฉบ. FL8', '1', 1),
(96, '10.29.103.51', '103.51 ฉบ. FL8', '1', 1),
(97, '10.29.103.52', '103.52 ฉบ. FL8', '1', 1),
(98, '10.29.103.53', '103.53 ฉบ. FL8', '1', 1),
(99, '10.29.103.54', 'ฉบ. FL9-1', '2', 1),
(100, '10.29.103.55', 'ฉบ. FL9-4', '2', 1),
(101, '10.29.103.56', '103.56 ฉบ. FL9', '1', 1),
(102, '10.29.103.57', '103.57 ฉบ. FL9', '1', 1),
(103, '10.29.103.58', '103.58 ฉบ. FL9', '1', 1),
(104, '10.29.103.59', '103.59 ฉบ. FL9', '1', 1),
(105, '10.29.103.60', '103.60 ฉบ. FL9', '1', 1),
(106, '10.29.103.61', '103.61 ฉบ. FL10', '1', 1),
(107, '10.29.103.62', '103.62 ฉบ. FL10', '1', 1),
(108, '10.29.103.63', 'ฉบ. FL10-3', '1', 1),
(109, '10.29.103.64', '103.64 ฉบ. FL10', '1', 1),
(110, '10.29.103.65', '103.65 ฉบ. FL10', '1', 1),
(111, '10.29.103.66', '103.66 ฉบ. FL10 ศูนย์บำบัดไต', '1', 1),
(112, '10.29.103.67', '103.67 ฉบ. FL10 ศูนย์บำบัดไต', '1', 1),
(113, '10.29.103.69', '103.69 ฉบ. FL11', '1', 1),
(114, '10.29.103.70', '103.70 ฉบ. FL11', '1', 1),
(115, '10.29.103.71', '103.71 ฉบ. FL11', '1', 1),
(116, '10.29.103.72', '103.72 ฉบ. FL11', '1', 1),
(117, '10.29.103.73', '103.73 ฉบ. FL11', '1', 1),
(118, '10.29.103.74', '103.74 ฉบ. FL11', '1', 1),
(119, '10.29.103.75', '103.75 ฉบ. FL12', '1', 1),
(120, '10.29.103.76', '103.76 ฉบ. FL12', '1', 1),
(121, '10.29.103.77', '103.77 ฉบ. FL12', '1', 1),
(122, '10.29.103.78', '103.78 ฉบ. FL12', '1', 1),
(123, '10.29.103.79', '10.3.79 ฉบ. FL12', '1', 1),
(124, '10.29.103.80', '103.80 ฉบ. FL12', '1', 1),
(125, '10.29.103.81', '103.81 ฉบ. FL.C', '1', 1),
(126, '10.29.103.82', '103.82 ฉบ.ลานจอด1A', '1', 1),
(127, '10.29.103.83', '103.83 ฉบ.ลานจอด1B', '1', 1),
(128, '10.29.103.84', '103.84 ฉบ.ลานจอด1B', '1', 1),
(129, '10.29.103.85', '103.85 ฉบ.ลานจอด2B', '1', 1),
(130, '10.29.103.86', '103.86 ฉบ.ลานจอด2B', '1', 1),
(131, '10.29.103.87', '103.87 ฉบ.ลานจอด2A', '1', 1),
(132, '10.29.103.88', '103.88 ฉบ.ลานจอด2A', '1', 1),
(133, '10.29.103.89', '103.89 ฉบ.ลานจอด2A', '1', 1),
(134, '10.29.103.90', '103.90 ฉบ.ลานจอด3A', '1', 1),
(135, '10.29.103.91', 'ฉบ. ลานจอดรถ FL3A-2', '1', 1),
(136, '10.29.103.92', 'ฉบ. ลานจอดรถ FL3A-3', '1', 1),
(137, '10.29.103.93', 'ฉบ. ลานจอดรถ FL3B-1', '1', 1),
(138, '10.29.103.94', '103.94 ฉบ.ลานจอด4A', '1', 1),
(139, '10.29.103.95', 'ฉบ. ลานจอดรถ FL4A-1', '1', 1),
(140, '10.29.103.96', '', '1', 1),
(141, '10.29.103.97', 'ฉบ. ลานจอดรถ FL4A-3', '1', 1),
(142, '10.29.103.98', 'ฉบ. ลานจอดรถ FL4B-1', '1', 1),
(143, '10.29.103.99', 'ฉบ. ลานจอดรถ FL4B-2', '1', 1),
(144, '10.29.104.10', 'ศัลยกรรม FL B-1', '1', 5),
(145, '10.29.104.100', 'อายุรศัลย์ FL10-5', '1', 4),
(146, '10.29.104.101', 'อายุรศัลย์ FL11-1', '1', 4),
(147, '10.29.104.102', 'อายุรศัลย์ FL11-2', '1', 4),
(148, '10.29.104.103', 'อายุรศัลย์ FL11-3', '2', 4),
(149, '10.29.104.104', 'อายุรศัลย์ FL11-4', '1', 4),
(150, '10.29.104.105', 'อายุรศัลย์ FL11-5', '1', 4),
(151, '10.29.104.106', 'อายุรศัลย์ FL12-1', '1', 4),
(152, '10.29.104.107', 'อายุรศัลย์ FL12-2', '1', 4),
(153, '10.29.104.108', 'ลิฟท์อายุรศัลย์ 7', '1', 4),
(154, '10.29.104.109', 'ลิฟท์อายุรศัลย์ 8', '1', 4),
(155, '10.29.104.11', 'ศัลยกรรม FL B-2', '2', 5),
(156, '10.29.104.110', 'ลิฟท์อายุรศัลย์ 9', '1', 4),
(157, '10.29.104.111', 'ลิฟท์อายุรศัลย์ 10', '1', 4),
(158, '10.29.104.112', 'ลิฟท์อายุรศัลย์ 11', '1', 4),
(159, '10.29.104.113', 'ลิฟท์อายุรศัลย์ 12', '1', 4),
(160, '10.29.104.114', 'อายุรศัลย์ FL12-3', '1', 4),
(161, '10.29.104.115', 'อายุรศัลย์ FLB จุดบอด', '2', 4),
(162, '10.29.104.12', 'ศัลยกรรม FL B-3', '2', 5),
(163, '10.29.104.13', 'ศัลยกรรม FL1-8', '1', 5),
(164, '10.29.104.14', 'ศัลยกรรม FL1-1 หน้าคลีนิคตา 180', '1', 5),
(165, '10.29.104.15', 'ศัลยกรรม FL1-2 180', '1', 5),
(166, '10.29.104.16', 'ศัลยกรรม FL1-3 180', '1', 5),
(167, '10.29.104.17', 'ศัลยกรรม FL1-4 180', '1', 5),
(168, '10.29.104.18', 'ศัลยกรรม FL1-5 หน้าคลีนิค หูคอ 180', '2', 5),
(169, '10.29.104.19', 'ศัลยกรรม FL1-6 ห้องตรวจอายุรกรรม 180', '1', 5),
(170, '10.29.104.20', 'ศัลยกรรม FL1-7', '1', 5),
(171, '10.29.104.21', 'ศัลยกรรม FL1-9 หน้าห้องโสตและการได้ยิน', '1', 19),
(172, '10.29.104.22', 'ศัลยกรรม FL1-10', '1', 5),
(173, '10.29.104.23', 'ศัลยกรรม FL3-1 ศูนย์สลายนิ่ว', '1', 5),
(174, '10.29.104.24', 'ศัลยกรรม FL3-2 ระเบียงหลังห้องผ่าตัด ', '1', 5),
(175, '10.29.104.25', 'ศัลยกรรม FL3-3', '1', 5),
(176, '10.29.104.26', 'ศัลยกรรม FL3-4', '1', 5),
(177, '10.29.104.27', 'ศัลยกรรม FL3-5 ภายในห้องผ่าตัดใหญ่', '1', 5),
(178, '10.29.104.28', 'ศัลยกรรม FL3-6 ภายในห้องผ่าตัดใหญ่', '2', 5),
(179, '10.29.104.29', 'ศัลยกรรม FL3-7 ภายในห้องผ่าตัดใหญ่', '2', 5),
(180, '10.29.104.30', 'ศัลยกรรม FL4-1', '1', 5),
(181, '10.29.104.31', 'ศัลยกรรม FL4-2 ภาควิชาวิสัญญีวิทยา ', '1', 5),
(182, '10.29.104.32', 'ลิฟท์ศัลยกรรม 15', '1', 5),
(183, '10.29.104.50', 'อายุรศัลย์ FLB-1', '1', 4),
(184, '10.29.104.51', 'อายุรศัลย์ FLB-2', '1', 4),
(185, '10.29.104.52', 'อายุรศัลย์ FLB-3ประตูทางหนีไฟ', '2', 4),
(186, '10.29.104.53', 'อายุรศัลย์ FL1-1 คลีนิคเด็ก ', '3', 4),
(187, '10.29.104.54', 'อายุรศัลย์ FL1-2 คลีนิคเด็ก ', '3', 4),
(188, '10.29.104.55', 'อายุรศัลย์ FL1-3 คลีนิคเด็ก ', '3', 4),
(189, '10.29.104.56', 'อายุรศัลย์ FL1-4', '1', 4),
(190, '10.29.104.57', 'อายุรศัลย์ FL1-5', '2', 4),
(191, '10.29.104.58', 'อายุรศัลย์ FL1-6', '1', 4),
(192, '10.29.104.59', 'อายุรศัลย์ FL1-7', '1', 4),
(193, '10.29.104.60', 'อายุรศัลย์ FL2-1 ', '1', 4),
(194, '10.29.104.61', 'อายุรศัลย์ FL2-2', '1', 4),
(195, '10.29.104.62', 'อายุรศัลย์ FL2-3 ทางเชื่อมหูคอจมูก', '1', 4),
(196, '10.29.104.63', 'อายุรศัลย์ FL2-5 หอผู้ป่วยจิตเวช', '2', 4),
(197, '10.29.104.64', 'อายุรศัลย์ FL2-4 หอผู้ป่วยจิตเวช', '2', 4),
(198, '10.29.104.65', 'อายุรศัลย์ FL2-6 หอผู้ป่วยจิตเวช', '2', 4),
(199, '10.29.104.66', 'อายุรศัลย์ FL3-1 SRCU', '1', 4),
(200, '10.29.104.67', 'อายุรศัลย์ FL3-2 ', '2', 4),
(201, '10.29.104.68', 'อายุรศัลย์ FL3-3 ICU', '1', 4),
(202, '10.29.104.69', 'อายุรศัลย์ FL3-4 ห้องตรวจเลือด ', '1', 4),
(203, '10.29.104.70', 'อายุรศัลย์ FL4-1 ห.ศัลยกรรมหญิง (บันไดหนีไฟ)', '1', 4),
(204, '10.29.104.71', 'อายุรศัลย์ FL4-2 ภ.โสต ศอนาสิควิทยา ', '1', 4),
(205, '10.29.104.72', 'อายุรศัลย์ FL4-3', '1', 4),
(206, '10.29.104.73', 'อายุรศัลย์ FL4-4 ภ.จักษุวิทยา ', '1', 4),
(207, '10.29.104.74', 'อายุรศัลย์ FL4-5 พยาธิ-ทางเชื่อม', '1', 4),
(208, '10.29.104.75', 'อายุรศัลย์ FL5-1', '1', 4),
(209, '10.29.104.76', 'อายุรศัลย์ FL5-2', '2', 4),
(210, '10.29.104.77', 'อายุรศัลย์ FL5-3', '1', 4),
(211, '10.29.104.78', 'อายุรศัลย์ FL5-4', '1', 4),
(212, '10.29.104.79', 'อายุรศัลย์ FL6-1', '1', 4),
(213, '10.29.104.80', 'อายุรศัลย์ FL6-2', '2', 4),
(214, '10.29.104.81', 'อายุรศัลย์ FL6-3', '1', 4),
(215, '10.29.104.82', 'อายุรศัลย์ FL6-4', '1', 4),
(216, '10.29.104.83', 'อายุรศัลย์ FL7-1', '1', 4),
(217, '10.29.104.84', 'อายุรศัลย์ FL7-2', '1', 4),
(218, '10.29.104.85', 'อายุรศัลย์ FL7-3', '1', 4),
(219, '10.29.104.86', 'อายุรศัลย์ FL7-4', '1', 4),
(220, '10.29.104.87', 'อายุรศัลย์ FL8-1', '1', 4),
(221, '10.29.104.88', 'อายุรศัลย์ FL8-2', '1', 4),
(222, '10.29.104.89', 'อายุรศัลย์ FL8-3', '1', 4),
(223, '10.29.104.90', 'อายุรศัลย์ FL8-4', '1', 4),
(224, '10.29.104.91', 'อายุรศัลย์ FL9-1', '2', 4),
(225, '10.29.104.92', 'อายุรศัลย์ FL9-2', '1', 4),
(226, '10.29.104.93', 'อายุรศัลย์ FL9-3', '1', 4),
(227, '10.29.104.94', 'อายุรศัลย์ FL9-4', '1', 4),
(228, '10.29.104.95', 'อายุรศัลย์ FL9-5', '1', 4),
(229, '10.29.104.96', 'อายุรศัลย์ FL10-1', '1', 4),
(230, '10.29.104.97', 'อายุรศัลย์ FL10-2', '1', 4),
(231, '10.29.104.98', 'อายุรศัลย์ FL10-3', '1', 4),
(232, '10.29.104.99', 'อายุรศัลย์ FL10-4', '1', 4),
(233, '10.29.105.11', 'สูติ-กุมารเวช FLB-2', '1', 3),
(234, '10.29.105.12', 'สูติ-กุมารเวช FLB-3 หน้ากายภาพบำบัด', '2', 3),
(235, '10.29.105.13', 'สูติ-กุมารเวช FLB-1', '1', 3),
(236, '10.29.105.14', 'สูติ-กุมารเวช FL 1-5', '1', 3),
(237, '10.29.105.15', 'สูติ-กุมารเวช FL 1-4โถงลิฟต์', '1', 3),
(238, '10.29.105.16', 'สูติ-กุมารเวช FL 1-2', '1', 3),
(239, '10.29.105.17', 'สูติ-กุมารเวช FL 1-3', '2', 3),
(240, '10.29.105.18', 'สูติ-กุมารเวช FL 1-1', '1', 3),
(241, '10.29.105.19', 'สูติ-กุมารเวช FL 1-6', '2', 3),
(242, '10.29.105.20', 'สูติ-กุมารเวช FL 1-7', '1', 3),
(243, '10.29.105.21', 'สูติ-กุมารเวช FL 1-8 ผู้รับบริการสัมพันธ์', '2', 3),
(244, '10.29.105.22', 'สูติ-กุมารเวช FL 2-1', '2', 3),
(245, '10.29.105.23', 'สูติ-กุมารเวช FL 2-2', '1', 3),
(246, '10.29.105.24', 'สูติ-กุมารเวช FL 3-8', '2', 3),
(247, '10.29.105.25', 'สูติ-กุมารเวช FL 3-5', '2', 3),
(248, '10.29.105.26', 'สูติ-กุมารเวช FL 3-7', '2', 3),
(249, '10.29.105.27', 'สูติ-กุมารเวช FL 3-6', '1', 3),
(250, '10.29.105.28', 'สูติ-กุมารเวช FL 3-1', '1', 3),
(251, '10.29.105.29', 'สูติ-กุมารเวช FL 3-4', '1', 3),
(252, '10.29.105.30', 'สูติ-กุมารเวช FL 3-2', '1', 3),
(253, '10.29.105.31', 'สูติ-กุมารเวช FL 3-3', '1', 3),
(254, '10.29.105.32', 'สูติ-กุมารเวช FL 3-9 ห้องเก็บน้ำเชื้อ ', '2', 3),
(255, '10.29.105.33', 'สูติ-กุมารเวช FL 4-3', '1', 3),
(256, '10.29.105.34', 'สูติ-กุมารเวช FL 4-5', '1', 3),
(257, '10.29.105.35', 'สูติ-กุมารเวช FL 4-4', '1', 3),
(258, '10.29.105.36', 'สูติ-กุมารเวช FL 4-1', '1', 3),
(259, '10.29.105.37', 'สูติ-กุมารเวช FL 4-2', '1', 3),
(260, '10.29.105.38', 'สูติ-กุมารเวช FL 5-2', '2', 3),
(261, '10.29.105.39', 'สูติ-กุมารเวช FL 5-4', '2', 3),
(262, '10.29.105.40', 'สูติ-กุมารเวช FL 5-3', '2', 3),
(263, '10.29.105.41', 'สูติ-กุมารเวช FL 5-1', '2', 3),
(264, '10.29.105.42', 'สูติ-กุมารเวช FL 6-4', '2', 3),
(265, '10.29.105.43', 'สูติ-กุมารเวช FL 6-1', '2', 3),
(266, '10.29.105.44', 'สูติ-กุมารเวช FL 6-2', '2', 3),
(267, '10.29.105.45', 'สูติ-กุมารเวช FL 6-3', '2', 3),
(268, '10.29.105.46', 'สูติ-กุมารเวช FL 7-3', '2', 3),
(269, '10.29.105.47', 'สูติ-กุมารเวช FL 7-1', '2', 3),
(270, '10.29.105.48', 'สูติ-กุมารเวช FL 7-4', '2', 3),
(271, '10.29.105.49', 'สูติ-กุมารเวช FL 7-5 ห.พิเศษเด็ก', '2', 3),
(272, '10.29.105.50', 'สูติ-กุมารเวช FL 7-2', '2', 3),
(273, '10.29.105.51', 'สูติ-กุมารเวช FL 8-1', '2', 3),
(274, '10.29.105.52', 'สูติ-กุมารเวช FL 8-1', '2', 3),
(275, '10.29.105.53', 'ลิฟท์สูติ-กุมาร 1', '1', 3),
(276, '10.29.105.54', 'ลิฟท์สูติ-กุมาร 2', '1', 3),
(277, '10.29.105.55', 'ลิฟท์สูติ-กุมาร 3', '1', 3),
(278, '10.29.105.56', 'ลิฟท์สูติ-กุมาร 4', '1', 3),
(279, '10.29.105.57', 'ลิฟท์สูติ-กุมาร 5', '1', 3),
(280, '10.29.105.58', 'ลิฟท์สูติ-แม่บ้าน  6', '1', 3),
(281, '10.29.105.59', 'สูติ-กุมารเวช FL 8-1', '2', 3),
(282, '10.29.105.60', 'สูติ-กุมารเวช FL 1', '1', 3),
(283, '10.29.105.62', 'สูติ-กุมารเวช FL B 180', '1', 3),
(284, '10.29.105.80', '105.44', '2', 19),
(285, '10.29.106.10', 'หู ตา คอ จมูก FLB-3', '1', 7),
(286, '10.29.106.11', 'หู ตา คอ จมูก FLB-1', '2', 7),
(287, '10.29.106.12', 'หู ตา คอ จมูก FLB-2 หน้าคลังพัสดุ', '2', 7),
(288, '10.29.106.13', 'หู ตา คอ จมูก FL1-4 สำนักฝ่ายเภสัชกรรม', '1', 19),
(289, '10.29.106.14', 'หู ตา คอ จมูก FL1-2การเงินผู้ป่วยใน-วัสดุการแพทย์ ', '1', 19),
(290, '10.29.106.15', 'หู ตา คอ จมูก FL1-1 ห้องจ่ายยาผู้ป่วยนอก', '1', 19),
(291, '10.29.106.16', 'หู ตา คอ จมูก FL1-3 การเงิน-ห้องสิทธิประโยชน์ผู้ป่วยนอก ', '2', 19),
(292, '10.29.106.17', 'หู ตา คอ จมูก FL1-8 ทางเดินข้างห้องจ่ายยา', '2', 19),
(293, '10.29.106.18', 'หู ตา คอ จมูก FL1-7 การเงินผู้ป่วยใน', '2', 7),
(294, '10.29.106.19', 'หู ตา คอ จมูก FL1-5 การเงินผู้ป่วยนอก', '2', 7),
(295, '10.29.106.20', 'หู ตา คอ จมูก FL1-6 การเงินผู้ป่วยนอก', '2', 7),
(296, '10.29.106.21', 'หู ตา คอ จมูก FL2-1 ทางเข้าจิตเวช 3 ', '1', 7),
(297, '10.29.106.22', 'หู ตา คอ จมูก FL2-2 ทางเข้าหน่วยวางแผนครอบครัว ', '1', 19),
(298, '10.29.106.23', 'unknow', '2', 19),
(299, '10.29.106.24', 'หู ตา คอ จมูก FL3-3 MICU (ทางหนีไฟ)', '1', 19),
(300, '10.29.106.25', 'หู ตา คอ จมูก FL3-1ทางเชื่อมกุมาร', '2', 7),
(301, '10.29.106.26', 'หู ตา คอ จมูก FL3-4 หน้าห้องผ่าตัดใหญ่', '1', 7),
(302, '10.29.106.27', 'ตา หู คอ จมูก FL4-2', '2', 7),
(303, '10.29.106.28', 'ตา หู คอ จมูก FL4-1', '1', 7),
(304, '10.29.106.29', 'ตา หู คอ จมูก FL5-3', '1', 7),
(305, '10.29.106.30', 'ตา หู คอ จมูก FL5-1', '1', 7),
(306, '10.29.106.31', 'ตา หู คอ จมูก FL5-2', '1', 7),
(307, '10.29.106.32', 'ตา หู คอ จมูก FL6-2', '1', 7),
(308, '10.29.106.33', 'ตา หู คอ จมูก FL6-1', '1', 7),
(309, '10.29.106.34', 'ตา หู คอ จมูก FL1', '1', 7),
(310, '10.29.107.10', '100 ปี FL B', '1', 6),
(311, '10.29.107.11', '100 ปี FL B', '1', 6),
(312, '10.29.107.12', '100 ปี FL B', '1', 6),
(313, '10.29.107.13', '100 ปี FL B', '2', 6),
(314, '10.29.107.14', '100 ปี FL B', '2', 6),
(315, '10.29.107.15', '100 ปี FL 1', '1', 6),
(316, '10.29.107.16', '100 ปี FL 1 คลีนิคตา', '3', 6),
(317, '10.29.107.17', '100 ปี FL 1', '1', 6),
(318, '10.29.107.18', '100 ปี FL 1 คลีนิคตา', '3', 6),
(319, '10.29.107.19', '100 ปี FL 1 คลีนิคตา', '3', 6),
(320, '10.29.107.20', '100 ปี FL 1 ศูนย์จอตาและเลเซอร์ dahua', '3', 6),
(321, '10.29.107.21', '100 ปี FL 1 ศูนย์จอตาและเลเซอร์', '3', 6),
(322, '10.29.107.22', '100 ปี FL 1', '1', 6),
(323, '10.29.107.23', '100 ปี FL 2', '1', 6),
(324, '10.29.107.24', '100 ปี FL 2', '1', 6),
(325, '10.29.107.25', '100 ปี FL 2', '1', 6),
(326, '10.29.107.26', '100 ปี FL 3', '1', 6),
(327, '10.29.107.27', '100 ปี FL 4', '3', 6),
(328, '10.29.107.28', '100 ปี FL 4', '3', 6),
(329, '10.29.107.29', 'FL 4 CRC  100 ปี', '2', 6),
(330, '10.29.107.30', 'FL 4 CRC  100 ปี', '2', 6),
(331, '10.29.107.31', '100 ปี FL 5', '2', 6),
(332, '10.29.107.32', '100 ปี FL 5', '1', 6),
(333, '10.29.107.33', '100 ปี FL 5', '1', 6),
(334, '10.29.107.34', '100 ปี FL 6', '1', 6),
(335, '10.29.107.35', '100 ปี FL 6', '1', 6),
(336, '10.29.107.36', 'ลิฟท์ 100 ปี  16', '1', 6),
(337, '10.29.107.37', 'ลิฟท์ 100 ปี  17', '1', 6),
(338, '10.29.107.38', 'ลิฟท์ 100 ปี  18', '1', 6),
(339, '10.29.107.39', 'ลิฟท์ 100 ปี  19', '2', 6),
(340, '10.29.107.40', 'ด้านข้างศูนย์คัดกรอง', '2', 19),
(341, '10.29.108.10', 'รัตนชีวรักษ์ FL B3-5', '2', 8),
(342, '10.29.108.100', 'C.108.100 รัตนะ FL6', '1', 8),
(343, '10.29.108.101', 'C.108.101 รัตนะ FL7', '1', 8),
(344, '10.29.108.102', 'C.108.102 รัตนะ FL7', '1', 8),
(345, '10.29.108.103', 'C.108.103 รัตนะ FL7', '1', 8),
(346, '10.29.108.104', 'C.108.104 รัตนะ FL7', '1', 8),
(347, '10.29.108.105', 'C.108.105 รัตนะ FL8', '1', 8),
(348, '10.29.108.106', 'C.108.106 รัตนะ FL8', '1', 8),
(349, '10.29.108.107', 'C.108.107 รัตนะ FL8', '1', 8),
(350, '10.29.108.108', 'C.108.108 รัตนะ FL8', '1', 8),
(351, '10.29.108.109', 'C.108.109 รัตนะ FL9', '1', 8),
(352, '10.29.108.11', 'รัตนชีวรักษ์ FL B3-6', '2', 8),
(353, '10.29.108.110', 'C.108.110 รัตนะ FL9', '1', 8),
(354, '10.29.108.111', 'C.108.111 รัตนะ FL9', '1', 8),
(355, '10.29.108.112', 'C.108.112 รัตนะ FL9', '1', 8),
(356, '10.29.108.113', 'C.108.113 รัตนะ FL10', '1', 8),
(357, '10.29.108.114', 'C.108.114 รัตนะ FL10', '1', 8),
(358, '10.29.108.115', 'ลิฟท์รัตนชีวรักษ์  29', '1', 8),
(359, '10.29.108.116', 'ลิฟท์รัตนชีวรักษ์  30', '1', 8),
(360, '10.29.108.117', 'ลิฟท์รัตนชีวรักษ์  31', '1', 8),
(361, '10.29.108.118', 'ลิฟท์รัตนชีวรักษ์  32', '1', 8),
(362, '10.29.108.119', 'ลิฟท์รัตนชีวรักษ์  33', '1', 8),
(363, '10.29.108.12', 'รัตนชีวรักษ์ FL B3-1', '2', 8),
(364, '10.29.108.120', 'ลิฟท์รัตนชีวรักษ์  34', '1', 8),
(365, '10.29.108.121', 'ลิฟท์รัตนชีวรักษ์  37', '1', 8),
(366, '10.29.108.122', 'ลิฟท์รัตนชีวรักษ์  38', '1', 8),
(367, '10.29.108.123', 'C.108.123 รัตนะ FL10', '1', 8),
(368, '10.29.108.124', 'C.108.124 รัตนะ FL10', '1', 8),
(369, '10.29.108.125', 'C.108.125 รัตนะ FL11', '1', 8),
(370, '10.29.108.126', 'C.108.126 รัตนะ FL11', '1', 8),
(371, '10.29.108.127', 'C.108.127 รัตนะ FL11', '1', 8),
(372, '10.29.108.128', 'C.108.128 รัตนะ FL11', '1', 8),
(373, '10.29.108.129', 'C.108.129 รัตนะ FL12', '1', 8),
(374, '10.29.108.13', 'รัตนชีวรักษ์ FL B3-2', '2', 8),
(375, '10.29.108.130', 'C.108.130 รัตนะ FL12', '1', 8),
(376, '10.29.108.131', 'C.108.131 รัตนะ FL12', '1', 8),
(377, '10.29.108.132', 'รัตนชีวรักษ์', '2', 8),
(378, '10.29.108.14', 'รัตนชีวรักษ์ FL B3-3', '2', 8),
(379, '10.29.108.15', 'รัตนชีวรักษ์ FL B3-4', '2', 8),
(380, '10.29.108.150', 'จุดบอด1', '1', 8),
(381, '10.29.108.151', 'จุดบอด2', '1', 8),
(382, '10.29.108.152', 'ดาดฟ้า1', '1', 8),
(383, '10.29.108.16', 'รัตนชีวรักษ์ FL B2-3', '2', 8),
(384, '10.29.108.163', 'ดาดฟ้า2', '1', 8),
(385, '10.29.108.17', 'รัตนชีวรักษ์ FL B2-4', '2', 8),
(386, '10.29.108.18', 'รัตนชีวรักษ์ FL B2-1', '2', 8),
(387, '10.29.108.19', 'รัตนชีวรักษ์ FL B2-2', '2', 8),
(388, '10.29.108.20', 'รัตนชีวรักษ์ FL B2-5', '2', 8),
(389, '10.29.108.21', 'รัตนชีวรักษ์ FL B2-6', '2', 8),
(390, '10.29.108.22', 'รัตนชีวรักษ์ FL B1-4', '2', 8),
(391, '10.29.108.23', 'รัตนชีวรักษ์ FL B1-6', '2', 8),
(392, '10.29.108.24', 'รัตนชีวรักษ์ FL B1-7', '2', 8),
(393, '10.29.108.25', 'รัตนชีวรักษ์ FL B1-8', '2', 8),
(394, '10.29.108.26', 'รัตนชีวรักษ์ FL B1-9', '2', 8),
(395, '10.29.108.27', 'รัตนชีวรักษ์ FL B1-10', '2', 8),
(396, '10.29.108.28', 'รัตนชีวรักษ์ FL B1-3', '2', 8),
(397, '10.29.108.29', 'รัตนชีวรักษ์ FL B1-11', '2', 8),
(398, '10.29.108.30', 'รัตนชีวรักษ์ FL B1-5', '2', 8),
(399, '10.29.108.31', 'รัตนชีวรักษ์ FL 1-1', '2', 8),
(400, '10.29.108.32', 'รัตนชีวรักษ์ FL 1-2', '2', 8),
(401, '10.29.108.33', 'รัตนชีวรักษ์ FL 1-3', '2', 8),
(402, '10.29.108.34', 'รัตนชีวรักษ์ FL 1-4', '2', 8),
(403, '10.29.108.35', 'รัตนชีวรักษ์ FL 1-5', '2', 8),
(404, '10.29.108.36', 'รัตนชีวรักษ์ FL 1-6', '2', 8),
(405, '10.29.108.37', 'รัตนชีวรักษ์ FL 1-7', '1', 8),
(406, '10.29.108.38', 'รัตนชีวรักษ์ FL 1-8', '1', 8),
(407, '10.29.108.39', 'รัตนชีวรักษ์ FL 1-9', '1', 8),
(408, '10.29.108.40', 'รัตนชีวรักษ์ FL 1-10', '1', 8),
(409, '10.29.108.41', 'รัตนชีวรักษ์ FL 1-11', '2', 8),
(410, '10.29.108.42', 'รัตนชีวรักษ์ FL 1-12', '2', 8),
(411, '10.29.108.43', 'FL 1 รัตนะ ภายในห้องฉุกเฉิน-2', '1', 8),
(412, '10.29.108.44', 'FL 1 รัตนะ ภายในห้องฉุกเฉิน-1', '1', 8),
(413, '10.29.108.45', 'FL 1 รัตนะ ห้องเอกซเรย์คอมฯ', '1', 8),
(414, '10.29.108.46', 'รัตนชีวรักษ์ - FL 1 ฉุกเฉิน-1', '1', 8),
(415, '10.29.108.47', 'รัตนชีวรักษ์ - FL 1 ฉุกเฉิน-2', '1', 8),
(416, '10.29.108.48', 'รัตนชีวรักษ์ - FL 1 ฉุกเฉิน-3', '1', 8),
(417, '10.29.108.49', 'รัตนชีวรักษ์ - FL 1 ฉุกเฉิน-4', '1', 8),
(418, '10.29.108.50', 'รัตนชีวรักษ์ - FL 1 ฉุกเฉิน-5', '1', 8),
(419, '10.29.108.51', 'รัตนชีวรักษ์ - FL 1 ฉุกเฉิน-6', '1', 8),
(420, '10.29.108.52', 'รัตนชีวรักษ์ - FL 1 ฉุกเฉิน-7', '1', 8),
(421, '10.29.108.53', 'รัตนชีวรักษ์ FL 1 หน้าห้องฉุกเฉิน - 360', '1', 8),
(422, '10.29.108.54', 'รัตนชีวรักษ์ FL 2-1', '1', 8),
(423, '10.29.108.55', 'รัตนชีวรักษ์ FL 2-2', '1', 8),
(424, '10.29.108.56', 'รัตนชีวรักษ์ FL 2-3', '1', 8),
(425, '10.29.108.57', 'รัตนชีวรักษ์ FL 2-4', '1', 8),
(426, '10.29.108.58', 'รัตนชีวรักษ์ FL 2-5', '1', 8),
(427, '10.29.108.59', 'รัตนชีวรักษ์ FL 2-6', '1', 8),
(428, '10.29.108.60', 'รัตนชีวรักษ์ FL 2-7', '1', 8),
(429, '10.29.108.61', 'รัตนชีวรักษ์ FL 2-8', '1', 8),
(430, '10.29.108.62', 'FL 2 รัตนะ ห้องการเงิน', '2', 8),
(431, '10.29.108.63', 'FL 2 รัตนะ ห้องจ่ายยา', '2', 8),
(432, '10.29.108.64', 'C.108.64 รัตนะ FL1', '1', 8),
(433, '10.29.108.65', 'C.108.65 รัตนะ FL1', '1', 8),
(434, '10.29.108.66', 'C.108.66 รัตนะ FL1', '1', 8),
(435, '10.29.108.67', 'C.108.67 รัตนะ FL1', '1', 8),
(436, '10.29.108.68', 'C.108.68 รัตนะ FL1', '1', 8),
(437, '10.29.108.69', 'C.108.69 รัตนะ FL1', '1', 8),
(438, '10.29.108.70', 'C.108.70 รัตนะ FL1', '1', 8),
(439, '10.29.108.71', 'C.108.71 รัตนะ FL1', '1', 8),
(440, '10.29.108.72', 'C.108.72 รัตนะ FL1', '1', 8),
(441, '10.29.108.73', 'C.108.73 รัตนะ FL1', '1', 8),
(442, '10.29.108.74', 'unknow', '2', 8),
(443, '10.29.108.75', 'C.108.75 รัตนะ FL1', '1', 8),
(444, '10.29.108.76', 'C.108.76 รัตนะ FL1', '1', 8),
(445, '10.29.108.77', 'C.108.77 รัตนะ FL2', '1', 8),
(446, '10.29.108.78', 'C.108.78 รัตนะ FL3', '2', 8),
(447, '10.29.108.79', 'C.108.79 รัตนะ FL2', '1', 8),
(448, '10.29.108.80', 'C.108.80 รัตนะ FL2', '1', 8),
(449, '10.29.108.81', 'C.108.81 รัตนะ FL2', '1', 8),
(450, '10.29.108.82', 'C.108.82 รัตนะ FL2', '1', 8),
(451, '10.29.108.83', 'C.108.83 รัตนะ FL2', '1', 8),
(452, '10.29.108.84', 'C.108.84 รัตนะ FL2', '1', 8),
(453, '10.29.108.85', 'C.108.85 รัตนะ FL2', '1', 8),
(454, '10.29.108.86', 'รัตนชีวรักษ์ FL 7-3', '2', 8),
(455, '10.29.108.87', 'C.108.87 รัตนะ FL4', '1', 8),
(456, '10.29.108.88', 'รัตนชีวรักษ์ FL 8-1', '2', 8),
(457, '10.29.108.89', 'C.108.89 รัตนะ FL4', '1', 8),
(458, '10.29.108.90', 'C.108.90 รัตนะ FL4', '1', 8),
(459, '10.29.108.91', 'C.108.91 รัตนะ FL4', '1', 8),
(460, '10.29.108.92', 'C.108.92 รัตนะ FL5', '1', 8),
(461, '10.29.108.93', 'C.108.93 รัตนะ FL5', '1', 8),
(462, '10.29.108.94', 'C.108.94 รัตนะ FL5', '3', 8),
(463, '10.29.108.95', 'C.108.95 รัตนะ FL5', '1', 8),
(464, '10.29.108.96', 'C.108.96 รัตนะ FL5', '1', 8),
(465, '10.29.108.97', 'C.108.97 รัตนะ FL6', '1', 8),
(466, '10.29.108.98', 'C.108.98 รัตนะ FL6', '1', 8),
(467, '10.29.108.99', 'C.108.99 รัตนะ FL6', '1', 8),
(468, '10.29.109.10', 'พญาธิ FLB-2 หน้าห้องศพ', '2', 10),
(469, '10.29.109.11', 'พญาธิ FLB-4', '2', 10),
(470, '10.29.109.12', 'พญาธิ FLB-3 ประตูรับส่งศพ', '2', 10),
(471, '10.29.109.13', 'พญาธิ FLB-1', '2', 10),
(472, '10.29.109.14', 'พญาธิ FLB-5 หลังห้องโพส', '2', 10),
(473, '10.29.109.15', 'unknow', '1', 10),
(474, '10.29.109.16', 'พญาธิ FL1-2 หน้าประตู ISO', '3', 10),
(475, '10.29.109.17', 'พญาธิ FL1-3 บันไดหลัง ', '1', 10),
(476, '10.29.109.18', 'พญาธิ FL1-4  ทางเชื่อมไปศรีเวช', '1', 10),
(477, '10.29.109.19', 'พญาธิ รอบ-1', '1', 10),
(478, '10.29.109.20', 'พญาธิ รอบ-2', '1', 10),
(479, '10.29.109.21', 'พญาธิ รอบ-3', '1', 10),
(480, '10.29.109.22', 'พญาธิ รอบ-4', '1', 10),
(481, '10.29.109.23', 'FL 2 พญาธิ ห้องบริจาคเลือด', '1', 10),
(482, '10.29.109.24', 'หอผู้ป่วยข้อและกระดูกศัลยกรรมหญิง พญาธิ FL 3 (ลิฟท์)', '1', 10),
(483, '10.29.109.25', 'หอผู้ป่วยข้อและกระดูกศัลยกรรมหญิง พญาธิ FL 3 (ทางเข้า)', '1', 10),
(484, '10.29.109.26', 'ทางเดินแยกอายุรกรรทศัลย - หูคอจมูก FL 3', '1', 10),
(485, '10.29.109.27', 'ศูนย์ซ่อมบำรุงเครื่องมือแพทย์ พญาธิ FL 4 (ลิฟท์)', '1', 10),
(486, '10.29.109.28', 'พญาธิ - อายุรกรรม FL 4 (ทางเชื่อม)', '1', 10),
(487, '10.29.109.29', 'ลิฟท์พญาธิวิทยา', '1', 10),
(488, '10.29.109.30', 'ลิฟท์พญาธิวิทยา', '1', 10),
(489, '10.29.109.31', 'ออร์โทพิดิกส์ FLB-1', '1', 9),
(490, '10.29.109.32', 'ออร์โทพิดิกส์ FLB-2 ทางเข้าคลีนิคกายอุปกรณ์', '1', 9),
(491, '10.29.109.33', 'ออร์โทพิดิกส์ FL1-1 คลินิค หูคอจมูก', '2', 9),
(492, '10.29.109.34', 'ออร์โทพิดิกส์ FL1-2 คลินิค หูคอจมูก', '1', 9),
(493, '10.29.109.35', 'ออร์โทพิดิกส์ FL1-3 คลินิค หูคอจมูก', '1', 9),
(494, '10.29.109.36', 'ออร์โทพิดิกส์ FL1-4 คลินิค หูคอจมูก', '1', 9),
(495, '10.29.109.37', 'ออร์โทพิดิกส์ FL1-5', '1', 9),
(496, '10.29.109.38', 'ออร์โทพิดิกส์ FL1-6 หน้าห้องตรวจคลื่นไฟฟ้าหัวใจ ', '1', 19),
(497, '10.29.109.39', 'ออร์โทพิดิกส์ FL2-3 ระเบียง ห.ศัลยกรรมกระดูกชาย ', '2', 19),
(498, '10.29.109.40', 'ออร์โทพิดิกส์ FL2-4 ระเบียง ห.ศัลยกรรมกระดูกชาย ', '2', 19),
(499, '10.29.109.41', 'ออร์โทพิดิกส์ FL2-1 โถงลิฟท์ห.ศัลยกรรมกระดูกชาย ', '2', 19),
(500, '10.29.109.42', 'ออร์โทพิดิกส์ FL2-2 ห.ศัลยกรรมกระดูกชาย ', '1', 19),
(501, '10.29.109.43', 'ออร์โทพิดิกส์ FL2-5', '2', 9),
(502, '10.29.109.44', 'ออร์โทพิดิกส์ FL2-6 ห.ศัลยกรรมกระดูกหญิง ', '2', 19),
(503, '10.29.109.45', 'ออร์โทพิดิกส์ FL2-7 ระเบียง ห.ศัลยกรรมกระดูกหญิง', '1', 19),
(504, '10.29.109.46', 'โรงพยาบาล FL.B', '2', 19),
(505, '10.29.109.47', 'รังสีวิทยา FL B', '2', 11),
(506, '10.29.109.48', 'รังสีวิทยา FL 1', '2', 11),
(507, '10.29.109.49', 'รังสีวิทยา FL 1', '2', 11),
(508, '10.29.109.50', 'ทางเข้าออกด้านหลังห้องบรรยายรังสีวิทยา FL 1', '2', 11),
(509, '10.29.109.51', 'รังสีวิทยา FL 1 หน้าเคาน์เตอร์ P.4', '3', 11),
(510, '10.29.109.52', 'กุมารเวช FL B', '2', 3),
(511, '10.29.109.53', 'ทางเข้าเวชศาสตร์นิวเคลียร์ รังสีวิทยา FL 2', '2', 19),
(512, '10.29.109.54', 'พญาธิ เวชศาสตร์นิวเคลียร์', '2', 10),
(513, '10.29.109.55', 'พญาธิ เวชศาสตร์นิวเคลียร์', '2', 10),
(514, '10.29.109.56', 'พญาธิ เวชศาสตร์นิวเคลียร์', '2', 10),
(515, '10.29.109.57', 'ฝ่ายวิศวกรรมฯ 1 ในอาคาร', '3', 19),
(516, '10.29.109.58', 'ฝ่ายวิศวกรรมฯ 2 ทางเดิน1', '3', 19),
(517, '10.29.109.59', 'ฝ่ายวิศวกรรมฯ 3 ทางเดิน2', '3', 19),
(518, '10.29.109.60', 'แพทยศาสตร์ Fl1-2', '1', 16),
(519, '10.29.109.61', 'แพทยศาสตร์ Fl1-3', '2', 16),
(520, '10.29.109.62', 'แพทยศาสตร์ Fl1-4', '2', 16),
(521, '10.29.109.63', 'เครื่องเร่งอนุภาค', '2', 19),
(522, '10.29.109.64', '180 แพทยศาสตร์', '3', 16),
(523, '10.29.110.10', 'ศรีเวชฯ FL B2 - ลานจอดรถด้านทิศตะวันตก ตัวที่ 2', '1', 19),
(524, '10.29.110.100', 'ศรีเวชฯ FL 2-6 พื้นที่โซนกลาง ', '2', 12),
(525, '10.29.110.101', 'ศรีเวชฯ FL 2-7 หน้าห้องประชุม', '2', 12),
(526, '10.29.110.102', 'ศรีเวชฯ FL 2-8 ทางเดินยาวด้านทิศใต้ ตัวที่ 1', '2', 12),
(527, '10.29.110.103', 'C.110.103 ศรีเวชฯ FL2', '1', 12),
(528, '10.29.110.104', 'C.110.104 ศรีเวชฯ FL2', '1', 12),
(529, '10.29.110.105', 'C.110.105 ศรีเวชฯ FL2', '1', 12),
(530, '10.29.110.106', 'C.110.106 ศรีเวชฯ FL2', '1', 12),
(531, '10.29.110.107', 'C.110.107 ศรีเวชฯ FL2', '1', 12),
(532, '10.29.110.108', 'ศรีเวชฯ FL6-ทางออกไปบริเวณนอก', '1', 12),
(533, '10.29.110.109', 'C.110.109 ศรีเวชฯ FL2', '1', 12),
(534, '10.29.110.11', 'ศรีเวชฯ FL B2 - ลานจอดรถตรงกลาง ตัวที่ 2', '1', 12),
(535, '10.29.110.110', '110.111 ศรีเวชฯ FL9', '1', 12),
(536, '10.29.110.111', '110.111 ศรีเวชฯ FL3', '1', 12),
(537, '10.29.110.112', '110.112 ศรีเวชฯ FL9', '1', 12),
(538, '10.29.110.113', '110.113 ศรีเวชฯ FL9', '1', 12),
(539, '10.29.110.114', '110.114 ศรีเวชฯ FL9', '1', 12),
(540, '10.29.110.115', '110.115 ศรีเวชฯ FL9', '1', 12),
(541, '10.29.110.116', '110.116 ศรีเวชฯ FL10', '1', 12),
(542, '10.29.110.117', '110.117 ศรีเวชฯ FL10', '1', 12),
(543, '10.29.110.118', '110.118 ศรีเวชฯ FL10', '1', 12),
(544, '10.29.110.119', '110.119 ศรีเวชฯ FL10', '1', 12),
(545, '10.29.110.12', '110.12 ศรีเวชฯ FL B2 - หน้าลิฟท์ฝั่งตะวันออก ', '1', 12),
(546, '10.29.110.120', '110.120 ศรีเวชฯ FL10', '1', 12),
(547, '10.29.110.121', '110.121 ศรีเวชฯ FL11', '1', 12),
(548, '10.29.110.122', '110.122 ศรีเวชฯ FL12', '1', 12),
(549, '10.29.110.123', '110.123 ศรีเวชฯ FL14', '1', 12),
(550, '10.29.110.124', 'unknow', '2', 12),
(551, '10.29.110.125', '110.125 ศรีเวชฯ FL14', '1', 12),
(552, '10.29.110.126', '110.126 ศรีเวชฯ FL14', '1', 12),
(553, '10.29.110.127', '110.127 ศรีเวชฯ FL14', '1', 12),
(554, '10.29.110.128', '110.128 ศรีเวชฯ FL14', '1', 12),
(555, '10.29.110.129', '110.129 ศรีเวชฯ FL14', '1', 12),
(556, '10.29.110.13', '110.13 ศรีเวชฯ FL B2 - ลานจอดรถด้านทิศใต้ ตัวที่ 1', '1', 12),
(557, '10.29.110.130', '110.130 ศรีเวชฯ FL15', '1', 12),
(558, '10.29.110.131', '110.131 ศรีเวชฯ FL15', '1', 12),
(559, '10.29.110.132', '110.132 ศรีเวชฯ FL15', '1', 12),
(560, '10.29.110.133', '110.133 ศรีเวชฯ FL15', '1', 12),
(561, '10.29.110.134', '110.134 ศรีเวชฯ FL15', '1', 12),
(562, '10.29.110.135', '110.135 ศรีเวชฯ FL15', '1', 12),
(563, '10.29.110.136', '110.136 ศรีเวชฯ ดาดฟ้า', '1', 12),
(564, '10.29.110.137', '110.137 ศรีเวชฯ ดาดฟ้า', '1', 12),
(565, '10.29.110.138', '110.138 ศรีเวชฯ FL1 หน้าห้องตรวจ358', '1', 12),
(566, '10.29.110.139', 'ศรีเวชฯ FL 1-1 นอกบริเวณหัวมุมทางเชื่อม', '2', 12),
(567, '10.29.110.14', '110.14 ศรีเวชฯ FL B2 - ลานจอดรถด้านทิศใต้ ตัวที่ 2', '1', 12),
(568, '10.29.110.140', 'C.110.140 ศรีเวชฯ FLB', '1', 12),
(569, '10.29.110.141', 'C.110.141 ศรีเวชฯ FLB', '1', 12),
(570, '10.29.110.142', 'C.110.142 ศรีเวชฯ รอบอาคาร', '1', 12),
(571, '10.29.110.15', '110.15 ศรีเวชฯ FL B2 - หน้าประตูทางออกจากลิฟท์ ฝั่งตะวันออก ตัวท', '1', 19),
(572, '10.29.110.16', '110.16 ศรีเวชฯ FL B2-1 หน้าประตูทางออกจากลิฟท์ ฝั่งตะวันออก ตัวท', '1', 19),
(573, '10.29.110.17', '110.17 ศรีเวชฯ FL B2-2 ส่องไปที่ลิฟท์ด้านทิศเหนือ', '1', 19),
(574, '10.29.110.18', '110.18 ศรีเวชฯ FL B2 - หน้าทางขึ้นไป B1 ', '1', 19),
(575, '10.29.110.19', '110.19 ศรีเวชฯ FL B2 - ลานจอดรถด้านทิศเหนือ ตัวที่ 1', '1', 19),
(576, '10.29.110.20', '110.20 ศรีเวชฯ FL B2 - ลานจอดรถด้านทิศตะวันตก ตัวที่ 1', '1', 19),
(577, '10.29.110.21', '110.21 ศรีเวชฯ FL B2 - ลานจอดรถด้านทิศเหนือ ตัวที่ 2', '1', 19),
(578, '10.29.110.22', '110.22 ศรีเวชฯ FL B2 - ลานจอดรถตรงกลาง ตัวที่ 1', '1', 19),
(579, '10.29.110.23', '110.23 ศรีเวชฯ FL B1-3 ประตูทางออกหน้าลิฟท์ฝั่งตะวันออก', '1', 19),
(580, '10.29.110.24', '110.24 ศรีเวชฯ FL B1-2 ตรงข้ามทางขึ้นไปFL B ', '1', 19),
(581, '10.29.110.25', '110.25 ศรีเวชฯ FL B1 - ลานจอดรถด้านทิศตะวันตก ตัวที่ 2', '1', 19),
(582, '10.29.110.26', '110.26 ศรีเวชฯ FL B1ลานจอดรถด้านทิศเหนือ ตัวที่ 2', '1', 19),
(583, '10.29.110.27', '110.27 ศรีเวชฯ FL B1-5 ส่องทางออกประตูหน้าลิฟท์ด้านทิศเหนือ', '1', 19),
(584, '10.29.110.28', '110.28 ศรีเวชฯ FL B1-1 หน้าลิฟท์ฝั่งตะวันออก ', '1', 19),
(585, '10.29.110.29', '110.29 ศรีเวชฯ FL B1 - ลานจอดรถตรงกลาง ตัวที่ 2', '1', 19),
(586, '10.29.110.30', '110.30 ศรีเวชฯ FL B1 - ลานจอดรถด้านทิศใต้ ตัวที่ 1', '1', 19),
(587, '10.29.110.31', '110.31 ศรีเวชฯ FL B1 - ลานจอดรถด้านทิศใต้ ตัวที่ 2', '1', 19),
(588, '10.29.110.32', '110.32 ศรีเวชฯ FL B1 - ลานจอดรถด้านทิศตะวันตก ตัวที่ 1', '1', 19),
(589, '10.29.110.33', '110.33 ศรีเวชฯ FL B1ลานจอดรถตรงกลาง ตัวที่ 1', '1', 19),
(590, '10.29.110.34', '110.34 ศรีเวชฯ FL B1-4 ประตูทางออกหน้าลิฟท์ฝั่งตะวันออก', '1', 19),
(591, '10.29.110.35', '110.35 ศรีเวชฯ FL B1ลานจอดรถด้านทิศเหนือ ตัวที่ 1', '1', 19),
(592, '10.29.110.36', 'ศรีเวชฯ FL B-2 ทางเชื่อมระหว่างทางเดินไปหน้าลิฟท์-ทางหนีไฟ', '2', 19),
(593, '10.29.110.37', 'ศรีเวชฯ FL B-12 ทางเข้าห้องเปลี่ยนชุด', '2', 19),
(594, '10.29.110.38', 'ศรีเวชฯ FL B-1 หน้าลิฟท์บริเวณประตูหนีไฟ', '2', 19),
(595, '10.29.110.39', 'ศรีเวชฯ FL B-4 บนเสาติดบันไดเลื่อนทางไปFL 1 ', '2', 19),
(596, '10.29.110.40', 'ศรีเวชฯ FL B-5 บนเสาติดบันไดเลื่อนทางไปFL 1 ', '2', 19),
(597, '10.29.110.41', 'C.110.41 ศรีเวชฯ FLB', '1', 12),
(598, '10.29.110.42', 'C.110.42 ศรีเวชฯ FLB', '1', 12),
(599, '10.29.110.43', 'ศรีเวชฯ FL B-8 หน้าห้องประชุม', '2', 12),
(600, '10.29.110.44', 'C.110.44 ศรีเวชฯ FLB', '1', 12),
(601, '10.29.110.45', 'C.110.45 ศรีเวชฯ FLB', '1', 12),
(602, '10.29.110.46', 'C.110.46 ศรีเวชฯ FLB', '1', 12),
(603, '10.29.110.47', 'C.110.47 ศรีเวชฯ FLB', '1', 12),
(604, '10.29.110.48', 'C.110.48 ศรีเวชฯ FLB', '1', 12),
(605, '10.29.110.49', 'ศรีเวชฯ FL B-3 หน้าลิฟท์บริเวณประตูหนีไฟ ', '2', 19),
(606, '10.29.110.50', 'C.110.50 ศรีเวชฯ FLB', '1', 12),
(607, '10.29.110.51', 'C.110.51 ศรีเวชฯ รอบอาคาร', '1', 12),
(608, '10.29.110.52', 'C.110.52 ศรีเวชฯ รอบอาคาร', '1', 12),
(609, '10.29.110.53', 'C.110.53 ศรีเวชฯ รอบอาคาร', '1', 12),
(610, '10.29.110.54', 'C.110.54 ศรีเวชฯ รอบอาคาร', '1', 12),
(611, '10.29.110.55', 'C.110.55 ศรีเวชฯ รอบอาคาร', '1', 12),
(612, '10.29.110.56', 'C.110.56 ศรีเวชฯ รอบอาคาร', '1', 12),
(613, '10.29.110.58', 'C.110.58 ศรีเวชฯ FLB', '1', 12),
(614, '10.29.110.59', 'C.110.59 ศรีเวชฯ FLB', '1', 12),
(615, '10.29.110.60', 'C.110.60 ศรีเวชฯ FLB', '1', 12),
(616, '10.29.110.61', 'C.110.61 ศรีเวชฯ FLB', '1', 12),
(617, '10.29.110.62', 'C.110.62 ลิฟท์ศรีเวช', '1', 12),
(618, '10.29.110.63', 'C.110.63 ลิฟท์45 ศรีเวช', '2', 12),
(619, '10.29.110.64', 'C.110.64 ลิฟท์44 ศรีเวช', '1', 12),
(620, '10.29.110.65', 'C.110.65 ลิฟท์ศรีเวช', '1', 12),
(621, '10.29.110.66', 'C.110.66 ลิฟท์ศรีเวช', '1', 12),
(622, '10.29.110.67', 'C.110.67 ลิฟท์ศรีเวช', '1', 12),
(623, '10.29.110.68', 'C.110.68 ลิฟท์ศรีเวช', '1', 12),
(624, '10.29.110.69', 'C.110.69 ลิฟท์ศรีเวช', '1', 12),
(625, '10.29.110.70', '110.70 ศรีเวชฯ FL1-16 บริเวณเสาติดกับบันไดทางเลื่อน ', '1', 19),
(626, '10.29.110.71', '110.71 ศรีเวชฯ FL1-8 หน้าห้องตรวจ 367 ', '1', 19),
(627, '10.29.110.72', '110.72 ศรีเวชฯ FL1-5 เคาน์เตอร์พยาบาลพิเศษอายุรกรรม ', '1', 19),
(628, '10.29.110.73', '110.73 ศรีเวชฯ FL1-18 หน้าห้องตรวจ 378, 379 ', '1', 19),
(629, '10.29.110.74', '110.74 ศรีเวชฯ FL1-2 หน้าห้องตรวจ 353, 354 ', '1', 19),
(630, '10.29.110.75', '110.75 ศรีเวชฯ FL1-3 ทางเดินยาวด้านทิศใต้ ตัวที่ 1', '1', 19),
(631, '10.29.110.76', '110.76 ศรีเวชฯ FL1-4 ทางเดินยาวด้านทิศใต้ ตัวที่ 2', '1', 19),
(632, '10.29.110.77', '110.77 ศรีเวชฯ FL1', '1', 19),
(633, '10.29.110.78', '110.78 ศรีเวชฯ FL1-6 ทางเดินยาวด้านทิศตะวันตก', '1', 19),
(634, '10.29.110.79', '110.79 ศรีเวชฯ FL1-7 หน้าห้องตรวจ 369 ', '1', 19),
(635, '10.29.110.80', '110.80 ศรีเวชฯ FL1-17 บริเวณเคาน์เตอร์พิเศษศัลยกรรม ', '1', 19),
(636, '10.29.110.81', '180 ชั้นB หน้าลิฟท์', '1', 19),
(637, '10.29.110.82', 'ศรีเวชฯ FL 1-11 หน้าลิฟท์โดยสาร ', '1', 19),
(638, '10.29.110.83', '110.83 ศรีเวชฯ FL1-12 ส่องทางออกหนีไฟ ใกล้กับหัวฉีดดับเพลิง', '1', 19),
(639, '10.29.110.84', '110.84 ศรีเวชฯ FL1-13 หน้าห้องตรวจ 341 ', '1', 19),
(640, '10.29.110.85', '110.85 ศรีเวชฯ FL1-14 หน้าห้องตรวจ 350 ', '1', 19),
(641, '10.29.110.86', '110.86 ศรีเวชฯ FL1-15 บริเวณเสาติดกับบันไดทางเลื่อนขึ้นไปFL 2 ', '1', 19),
(642, '10.29.110.87', 'ศรีเวชฯ FL 1-10 ห้องการเงินศรีเวช', '2', 12),
(643, '10.29.110.88', 'ศรีเวชฯ FL 1-9 บริเวณสายฉีดน้ำดับเพลิง', '2', 19),
(644, '10.29.110.89', 'ศรีเวชฯ FL 2-11 โซนด้านในหน้าห้องตรวจ ตัวที่ 2', '3', 19),
(645, '10.29.110.89', 'ศรีเวชฯ FL B-26 นอกด้านข้างแบล็คแคนยอน', '1', 19),
(646, '10.29.110.90', '110.90 ศรีเวชฯ FL2', '1', 12),
(647, '10.29.110.91', '110.91 ศรีเวชฯ FL2', '1', 12),
(648, '10.29.110.92', 'C. 110.92 ศรีเวชฯ FL2', '1', 12),
(649, '10.29.110.93', 'C. 110.93 ศรีเวชฯ FL2', '2', 12),
(650, '10.29.110.94', 'ศรีเวชฯ FL 2-10 โซนด้านในหน้าห้องตรวจ ตัวที่ 1', '2', 19),
(651, '10.29.110.95', 'ศรีเวชฯ FL 2-9 ทางเดินยาวด้านทิศใต้ ตัวที่ 2', '2', 19),
(652, '10.29.110.96', 'ศรีเวชฯ FL 2-1 หน้าลิฟท์โดยสาร ', '1', 12),
(653, '10.29.110.97', 'ศรีเวชฯ FL 2-2 ทางออกประตูหนีไฟ', '2', 12),
(654, '10.29.110.98', 'C.110.98 ศรีเวชฯ FL2', '1', 12),
(655, '10.29.110.99', 'C.110.99 ศรีเวชฯ FL2', '1', 12),
(656, '10.29.111.10', 'วิจัย FL1-1', '1', 13),
(657, '10.29.111.100', 'วิจัย FL8-8', '1', 13),
(658, '10.29.111.101', 'วิจัย FL8-9', '1', 13),
(659, '10.29.111.102', 'วิจัย FL8-10', '1', 13),
(660, '10.29.111.103', 'วิจัย FL8-11', '1', 13),
(661, '10.29.111.104', 'วิจัย FL8-12', '1', 13),
(662, '10.29.111.105', 'วิจัย FL9-1', '1', 13),
(663, '10.29.111.106', 'วิจัย FL9-2', '1', 13),
(664, '10.29.111.107', 'วิจัย FL9-3', '1', 13),
(665, '10.29.111.108', '109.61', '1', 13),
(666, '10.29.111.109', 'วิจัย FL9-5', '1', 13),
(667, '10.29.111.11', 'วิจัย FL1-2', '1', 13),
(668, '10.29.111.110', 'วิจัย FL9-6', '1', 13),
(669, '10.29.111.111', 'วิจัย FL9-7', '1', 13),
(670, '10.29.111.112', 'วิจัย FL9-8', '2', 13),
(671, '10.29.111.113', 'วิจัย FL10-1', '2', 13),
(672, '10.29.111.114', 'วิจัย FL10-2', '2', 13),
(673, '10.29.111.115', 'วิจัย FL10-3', '2', 13),
(674, '10.29.111.116', 'วิจัย FL10-4', '2', 13),
(675, '10.29.111.117', 'วิจัย FL10-5', '2', 13),
(676, '10.29.111.118', 'วิจัย FL10-6', '2', 13),
(677, '10.29.111.119', 'วิจัย FL10-7', '2', 13),
(678, '10.29.111.11', 'วิจัย FL1-3', '1', 13),
(679, '10.29.111.120', 'วิจัย FL10-8', '2', 13),
(680, '10.29.111.121', 'วิจัย FL10-9', '2', 13),
(681, '10.29.111.122', 'วิจัย FL10-10', '2', 13),
(682, '10.29.111.123', 'วิจัย FL11-1', '2', 13),
(683, '10.29.111.124', 'วิจัย FL11-2', '2', 13),
(684, '10.29.111.125', 'วิจัย FL11-3', '2', 13),
(685, '10.29.111.126', 'วิจัย FL11-4', '2', 13),
(686, '10.29.111.127', 'วิจัย FL11-5', '2', 13),
(687, '10.29.111.128', 'วิจัย FL11-6', '2', 13),
(688, '10.29.111.129', 'วิจัย FL11-7', '2', 13),
(689, '10.29.111.13', 'วิจัย FL1-4', '1', 13),
(690, '10.29.111.130', 'วิจัย FL11-8', '2', 13),
(691, '10.29.111.131', 'วิจัย FL12-1', '2', 13),
(692, '10.29.111.132', 'วิจัย FL12-2', '2', 13),
(693, '10.29.111.133', 'วิจัย FL12-3', '2', 13),
(694, '10.29.111.134', 'วิจัย FL12-4', '2', 13),
(695, '10.29.111.135', 'วิจัย FL12-5', '2', 13),
(696, '10.29.111.136', 'วิจัย FL12-6', '2', 13),
(697, '10.29.111.137', 'วิจัย FL12-7', '2', 13),
(698, '10.29.111.138', 'วิจัย FL12-8', '2', 13),
(699, '10.29.111.139', 'วิจัย FL12M-1', '2', 13),
(700, '10.29.111.14', 'วิจัย FL1-5', '1', 13),
(701, '10.29.111.140', 'วิจัย FL14-1', '2', 13),
(702, '10.29.111.141', 'วิจัย FL14-2', '2', 13),
(703, '10.29.111.142', 'วิจัย FL14-3', '2', 13),
(704, '10.29.111.143', 'วิจัย FL14-4', '2', 13),
(705, '10.29.111.144', 'วิจัย FL14-5', '2', 13),
(706, '10.29.111.145', 'วิจัย FL14-6', '2', 13),
(707, '10.29.111.146', 'วิจัย FL14-7', '2', 13),
(708, '10.29.111.147', 'วิจัย FL14-8', '2', 13),
(709, '10.29.111.148', 'วิจัย FL14-9', '2', 13),
(710, '10.29.111.149', 'วิจัย FL14-10', '2', 13),
(711, '10.29.111.15', 'วิจัย FL1-6', '1', 13),
(712, '10.29.111.150', 'วิจัย FL14-11', '2', 13),
(713, '10.29.111.151', 'วิจัย FL14M-1', '2', 13),
(714, '10.29.111.152', 'วิจัย ดาดฟ้า-1', '2', 13),
(715, '10.29.111.153', 'วิจัย ดาดฟ้า-2', '2', 13),
(716, '10.29.111.154', 'วิจัย ดาดฟ้า-3', '2', 13),
(717, '10.29.111.155', 'ลิฟท์วิจัย1', '2', 13),
(718, '10.29.111.156', 'ลิฟท์วิจัย2', '2', 13),
(719, '10.29.111.157', 'ลิฟท์วิจัย3', '2', 13),
(720, '10.29.111.158', 'ลิฟท์วิจัย4', '2', 13),
(721, '10.29.111.159', 'ลิฟท์วิจัย5', '2', 13),
(722, '10.29.111.16', 'วิจัย FL1-7', '1', 13),
(723, '10.29.111.160', 'ลิฟท์วิจัย6', '1', 13),
(724, '10.29.111.161', 'วิจัย P1-P1A-1', '1', 13),
(725, '10.29.111.162', 'วิจัย P1-P1A-2', '1', 13),
(726, '10.29.111.163', 'วิจัย P1-P1A-3', '1', 13),
(727, '10.29.111.164', 'วิจัย P1-P1A-4', '1', 13),
(728, '10.29.111.165', 'วิจัย P1-P1A-5', '1', 13),
(729, '10.29.111.166', 'วิจัย P1B-P1C-1', '1', 13),
(730, '10.29.111.167', 'วิจัย P1B-P1C-2', '1', 13),
(731, '10.29.111.168', 'วิจัย P1B-P1C-3', '1', 13),
(732, '10.29.111.169', 'วิจัย P2-P2A-1', '1', 13),
(733, '10.29.111.17', 'วิจัย FL1-8', '1', 13),
(734, '10.29.111.170', 'วิจัย P2-P2A-3', '1', 13),
(735, '10.29.111.171', 'วิจัย P3-P3A-1', '1', 13),
(736, '10.29.111.172', 'วิจัย P3-P3A-2', '1', 13),
(737, '10.29.111.173', 'วิจัย P3-P3A-3', '1', 13),
(738, '10.29.111.174', 'วิจัย P3-P3A-4', '1', 13),
(739, '10.29.111.175', 'วิจัย P3B-P3C-1', '1', 13),
(740, '10.29.111.176', 'วิจัย P3B-P3C-2', '1', 13),
(741, '10.29.111.177', 'วิจัย P3B-P3C-3', '1', 13),
(742, '10.29.111.178', 'วิจัย P4-P4A-1', '1', 13),
(743, '10.29.111.179', 'วิจัย P4-P4A-2', '1', 13),
(744, '10.29.111.18', 'วิจัย FL1-9', '1', 13),
(745, '10.29.111.180', 'วิจัย P4-P4A-3', '2', 13),
(746, '10.29.111.181', 'วิจัย P4-P4A-4', '1', 13),
(747, '10.29.111.182', 'วิจัย P4B-P4C-1', '1', 13),
(748, '10.29.111.183', 'วิจัย P4B-P4C-2', '1', 13),
(749, '10.29.111.184', 'วิจัย P4B-P4C-3', '1', 13),
(750, '10.29.111.185', 'วิจัย P4B-P4C-4', '1', 13),
(751, '10.29.111.186', 'วิจัย P5-P5A-1', '1', 13),
(752, '10.29.111.187', 'วิจัย P5-P5A-2', '1', 13),
(753, '10.29.111.188', 'วิจัย P5-P5A-3', '1', 13),
(754, '10.29.111.189', 'วิจัย P5-P5A-4', '1', 13),
(755, '10.29.111.19', 'วิจัย FL1-10', '1', 13),
(756, '10.29.111.190', 'วิจัย P5B-P5C-1', '1', 13),
(757, '10.29.111.191', 'วิจัย P5B-P5C-2', '1', 13),
(758, '10.29.111.192', 'วิจัย P5B-P5C-3', '1', 13),
(759, '10.29.111.193', 'วิจัย P5B-P5C-4', '1', 13),
(760, '10.29.111.194', 'วิจัย P6-1', '1', 13),
(761, '10.29.111.195', 'วิจัย P6-2', '1', 13),
(762, '10.29.111.196', 'วิจัย P6-3', '1', 13),
(763, '10.29.111.197', 'วิจัย P6-4', '2', 13),
(764, '10.29.111.198', 'วิจัย P6-5', '2', 13),
(765, '10.29.111.199', 'วิจัย P2-P2A-2', '2', 13),
(766, '10.29.111.200', 'วิจัย FL4 หน้าหนีไฟ', '2', 13),
(767, '10.29.111.21', 'วิจัย FL1-11', '1', 13),
(768, '10.29.111.22', 'วิจัย FL1-12', '1', 13),
(769, '10.29.111.23', 'วิจัย FL1-13', '1', 13),
(770, '10.29.111.24', 'วิจัย FL1-14', '2', 13),
(771, '10.29.111.25', 'วิจัย FL1-15', '2', 13),
(772, '10.29.111.26', 'วิจัย FL1-16', '2', 13),
(773, '10.29.111.27', 'วิจัย FL1-17', '2', 13),
(774, '10.29.111.28', 'วิจัย FL1-18', '2', 13),
(775, '10.29.111.29', 'วิจัย FL1-19', '2', 13),
(776, '10.29.111.30', 'วิจัย FL1-20', '2', 13),
(777, '10.29.111.31', 'วิจัย FL1-21', '2', 13),
(778, '10.29.111.32', 'วิจัย FL1-22', '2', 13),
(779, '10.29.111.33', 'วิจัย FL1-23', '1', 13),
(780, '10.29.111.34', 'วิจัย FL2-1', '1', 13),
(781, '10.29.111.35', 'วิจัย FL2-2', '1', 13),
(782, '10.29.111.36', 'วิจัย FL2-3', '1', 13),
(783, '10.29.111.37', 'วิจัย FL2-4', '1', 13),
(784, '10.29.111.38', 'วิจัย FL2-5', '1', 13),
(785, '10.29.111.39', 'วิจัย FL2-6', '1', 13),
(786, '10.29.111.40', 'วิจัย FL2-7', '1', 13),
(787, '10.29.111.41', 'วิจัย FL2-8', '1', 13),
(788, '10.29.111.42', 'วิจัย FL2-9', '1', 13),
(789, '10.29.111.43', 'วิจัย FL2-10', '2', 13),
(790, '10.29.111.44', 'วิจัย FL2-11', '1', 13),
(791, '10.29.111.45', 'วิจัย FL3-1', '1', 13),
(792, '10.29.111.46', 'วิจัย FL3-2', '1', 13),
(793, '10.29.111.47', 'วิจัย FL3-3', '1', 13),
(794, '10.29.111.48', 'วิจัย FL3-4', '1', 13),
(795, '10.29.111.49', 'วิจัย FL3-5', '1', 13),
(796, '10.29.111.50', 'วิจัย FL3-6', '1', 13),
(797, '10.29.111.51', 'วิจัย FL3-7', '1', 13),
(798, '10.29.111.52', 'วิจัย FL3-8', '1', 13),
(799, '10.29.111.53', 'วิจัย FL4-1', '1', 13),
(800, '10.29.111.54', 'วิจัย FL4-2', '1', 13),
(801, '10.29.111.55', 'วิจัย FL4-3', '2', 13),
(802, '10.29.111.56', 'วิจัย FL4-4', '2', 13),
(803, '10.29.111.57', 'วิจัย FL4-5', '2', 13),
(804, '10.29.111.58', 'วิจัย FL4-6', '2', 13),
(805, '10.29.111.59', 'วิจัย FL4-7', '2', 13),
(806, '10.29.111.60', 'วิจัย FL4-8', '2', 13),
(807, '10.29.111.61', 'วิจัย FL4-9', '2', 13),
(808, '10.29.111.62', 'วิจัย FL4-10', '2', 13),
(809, '10.29.111.63', 'วิจัย FL4-11', '2', 13),
(810, '10.29.111.64', 'วิจัย FL4-12', '2', 13),
(811, '10.29.111.65', 'วิจัย FL4-13', '2', 13),
(812, '10.29.111.66', 'วิจัย FL4-14', '2', 13),
(813, '10.29.111.67', 'วิจัย FL5-1', '2', 13),
(814, '10.29.111.68', 'วิจัย FL5-2', '2', 13),
(815, '10.29.111.69', 'วิจัย FL5-3', '2', 13),
(816, '10.29.111.70', 'วิจัย FL5-4', '2', 13),
(817, '10.29.111.71', 'วิจัย FL5-5', '2', 13),
(818, '10.29.111.72', 'วิจัย FL5-6', '2', 13),
(819, '10.29.111.73', 'วิจัย FL5-7', '2', 13),
(820, '10.29.111.74', 'วิจัย FL5-8', '2', 13),
(821, '10.29.111.75', 'วิจัย FL6-1', '2', 13),
(822, '10.29.111.76', 'วิจัย FL6-2', '2', 13),
(823, '10.29.111.77', 'วิจัย FL6-3', '2', 13),
(824, '10.29.111.78', 'วิจัย FL6-4', '2', 13),
(825, '10.29.111.79', 'วิจัย FL6-5', '2', 13),
(826, '10.29.111.80', 'วิจัย FL6-6', '2', 13),
(827, '10.29.111.81', 'วิจัย FL6-7', '2', 13),
(828, '10.29.111.82', 'วิจัย FL6-8', '2', 13),
(829, '10.29.111.83', 'วิจัย FL6M-1', '2', 13),
(830, '10.29.111.84', 'วิจัย FL6M-2', '1', 13),
(831, '10.29.111.85', 'วิจัย FL7-1', '1', 13),
(832, '10.29.111.86', 'วิจัย FL7-2', '1', 13),
(833, '10.29.111.87', 'วิจัย FL7-3', '1', 13),
(834, '10.29.111.88', 'วิจัย FL7-4', '1', 13),
(835, '10.29.111.89', 'วิจัย FL7-5', '1', 13),
(836, '10.29.111.90', 'วิจัย FL7-6', '1', 13),
(837, '10.29.111.91', 'วิจัย FL7-7', '1', 13),
(838, '10.29.111.92', 'วิจัย FL7-8', '1', 13),
(839, '10.29.111.93', 'วิจัย FL8-1', '1', 13),
(840, '10.29.111.94', 'วิจัย FL8-2', '1', 13),
(841, '10.29.111.95', 'วิจัย FL8-3', '1', 13),
(842, '10.29.111.96', 'วิจัย FL8-4', '1', 13),
(843, '10.29.111.97', 'วิจัย FL8-5', '1', 13),
(844, '10.29.111.98', 'วิจัย FL8-6', '1', 13),
(845, '10.29.111.99', 'วิจัย FL8-7', '1', 13),
(846, '10.29.113.10', 'C 113.10 บินหลา2 FL1 ทางเข้า', '1', 17),
(847, '10.29.113.11', 'C 113.11 บินหลา2 FL1 ทางเข้า', '1', 17),
(848, '10.29.113.12', 'C 113.13 บินหลา2 FL1 ', '1', 17),
(849, '10.29.113.13', 'C 113.13 บินหลา2 ชั้น4', '1', 17),
(850, '10.29.113.14', 'C 113.14 บินหลา2 ชั้น4', '1', 17),
(851, '10.29.113.15', 'หอพักบินหลา3 FL1-1', '1', 17),
(852, '10.29.113.16', 'หอพักบินหลา3 FL1-2', '1', 17),
(853, '10.29.113.17', 'ศูนย์ออกกำลังกาย', '1', 19),
(854, '10.29.113.18', 'ศูนย์ออกกำลังกาย', '1', 19),
(855, '10.29.113.19', 'หอพักดาราคาม3 FL1-1 ทางขึ้น-1', '1', 17),
(856, '10.29.113.20', 'หอพักดาราคาม3 FL1-2 ทางขึ้น-2', '1', 17),
(857, '10.29.113.21', 'หอพักดาราคาม3 FL1-3 รอบ-1', '1', 17),
(858, '10.29.113.22', 'หอพักดาราคาม3 FL1-4 พื้นที่กิจกรรม', '1', 17),
(859, '10.29.113.23', 'หอพักดาราคาม3 FL1-5 ลานจอดมอเตอร์ไซค์', '1', 19),
(860, '10.29.113.24', 'หอพักดาราคาม3 FL1-6 ลานจอดรถ', '1', 17),
(861, '10.29.113.25', 'หอพักดาราคาม3 FL1-7 รอบ-2', '1', 17),
(862, '10.29.113.26', 'หอพักดาราคาม3 FL1-8 รอบ-3', '1', 17),
(863, '10.29.113.27', 'หอพักดาราคาม3 FL1-9 รอบ-4', '1', 17),
(864, '10.29.114.10', '114.10 ประสานใจ1 B1', '1', 17),
(865, '10.29.114.11', '114.11 ทางเดินข้างประสานใจ 1', '1', 17),
(866, '10.29.114.12', '114.12 ทางเดินข้างประสานใจ 1', '1', 17),
(867, '10.29.114.13', '114.13 ประสานใจ2 C1', '1', 17),
(868, '10.29.114.14', '114.14 ประสานใจ2 C2', '1', 17),
(869, '10.29.114.15', '114.15 ประสานใจ2 C3', '1', 17),
(870, '10.29.114.16', '114.16 ประสานใจ2 C4', '1', 17),
(871, '10.29.114.17', '114.17 ประสานใจ2 C5', '1', 17),
(872, '10.29.114.18', '114.18 ประสานใจ 2 (ทางเข้า)', '1', 17),
(873, '10.29.114.19', '114.19 ประสานใจ3 D1', '1', 17),
(874, '10.29.114.20', '114.20 ประสานใจ3 D2', '1', 17),
(875, '10.29.114.21', '114.21 ประสานใจ1 B2', '1', 17),
(876, '10.29.114.22', '114.22 ประสานใจ3 D3', '1', 17),
(877, '10.29.114.23', '114.23 ประสานใจ3 D4', '1', 17),
(878, '10.29.114.24', '114.24 ประสานใจ3 D5', '1', 17),
(879, '10.29.114.25', '114.25 ประสานใจ3 ถ.ด้านหน้า', '1', 17),
(880, '10.29.114.26', '114.26 ประสานใจ3 ถ.ด้านหลัง', '1', 17),
(881, '10.29.114.27', 'หอพักประสานใจ 3 - ทางเดิน', '2', 17),
(882, '10.29.114.28', 'หอพักประสานใจ 3 - ทางเดิน', '2', 17),
(883, '10.29.114.29', '114.29 ประสานใจ1 B3', '1', 17),
(884, '10.29.114.30', '114.30 ประสานใจ1 B4', '1', 17),
(885, '10.29.114.31', '114.31 ประสานใจ1 B5', '1', 17),
(886, '10.29.114.32', '114.32 ประสานใจ 1 (ทางเข้า)', '1', 17),
(887, '10.29.114.33', '114.33 ประสานใจ 1 (ด้านหน้า)', '1', 17),
(888, '10.29.114.34', '114.34 ประสานใจ 1 (ถนน)', '1', 17),
(889, '10.29.114.35', '114.35 ประสานใจ 1 (ถนน)', '1', 17),
(890, '10.29.116.10', 'ลานจอดจยย.หน้าบินหลา4', '3', 17),
(891, '10.29.116.11', 'ถนนทางออกบินหลา4', '3', 17),
(892, '10.29.116.12', 'ด้านข้างทิศเหนือบินหลา4', '3', 17),
(893, '10.29.116.13', 'ด้านข้างทิศใต้บินหลา4', '3', 17),
(894, '10.29.116.14', 'ทางขึ้นหอพักบินหลา4', '3', 17),
(895, '10.29.116.15', 'โถงลิฟท์บินหลา4 fl1', '3', 17),
(896, '10.29.116.16', 'รอบ หอพักบินหลา4', '2', 17),
(897, '10.29.116.17', 'บินหลา4 FL2-1', '3', 17),
(898, '10.29.116.18', 'บินหลา4 FL3-1', '3', 17),
(899, '10.29.116.19', 'บินหลา4 FL4-1', '3', 17),
(900, '10.29.116.20', 'บินหลา4 FL5-1', '3', 17),
(901, '10.29.116.21', 'บินหลา4 FL6-1', '3', 17),
(902, '10.29.116.22', 'บินหลา4 FL7-1', '3', 17),
(903, '10.29.116.23', 'หอพักบินหลา4 ลิฟท์1', '1', 17),
(904, '10.29.116.24', 'หอพักบินหลา4 ลิฟท์2', '1', 17),
(905, '10.29.116.25', 'บินหลา4 FL8-1', '3', 17),
(906, '10.29.116.26', 'บินหลา4 FL9-1', '3', 17),
(907, '10.29.116.27', 'หอพักบินหลา4 ลิฟท์4', '1', 17),
(908, '10.29.116.28', 'หอพักบินหลา4 FL10-1', '3', 17),
(909, '10.29.116.29', 'หอพักบินหลา4 FL11-1', '3', 17),
(910, '10.29.116.30', 'หอพักบินหลา4 ลิฟท์3', '1', 17),
(911, '10.29.116.31', 'หอพักบินหลา4 FL12-1', '3', 17),
(912, '10.29.116.32', 'หอพักบินหลา4 FL13-1', '3', 17),
(913, '10.29.116.33', 'หอพักบินหลา4 FL14-1', '3', 17),
(914, '10.29.116.34', 'หอพักบินหลา4 FL15-1', '3', 17),
(915, '10.29.116.35', 'หอพักบินหลา4 FL16-1', '3', 17),
(916, '10.29.116.36', 'หอพักบินหลา4 ดาดฟ้า', '1', 17),
(917, '10.29.116.37', 'หอพักบินหลา4 FL2-2', '2', 17),
(918, '10.29.116.38', 'หอพักบินหลา4 FL3-2', '2', 17),
(919, '10.29.116.39', 'หอพักบินหลา4 FL4-2', '2', 17),
(920, '10.29.116.40', 'หอพักบินหลา4 FL5-2', '2', 17),
(921, '10.29.116.41', 'หอพักบินหลา4 FL6-2', '2', 17),
(922, '10.29.116.42', 'หอพักบินหลา4 FL7-2', '2', 17),
(923, '10.29.116.43', 'หอพักบินหลา4 FL8-2', '2', 17),
(924, '10.29.116.44', 'หอพักบินหลา4 FL9-2', '2', 17),
(925, '10.29.116.45', 'หอพักบินหลา4 FL10-2', '2', 17),
(926, '10.29.116.46', 'หอพักบินหลา4 FL11-2', '2', 17),
(927, '10.29.116.47', 'หอพักบินหลา4 FL12-2', '2', 17),
(928, '10.29.116.48', 'หอพักบินหลา4 FL13-2', '2', 17);
INSERT INTO `tbl_ipc` (`ipc_id`, `ipc_address`, `ipc_name`, `ipc_status`, `place_id`) VALUES
(929, '10.29.116.49', 'หอพักบินหลา4 FL14-2', '2', 17),
(930, '10.29.116.50', 'หอพักบินหลา4 FL15-2', '2', 17),
(931, '10.29.116.51', 'หอพักบินหลา4 FL16-2', '2', 17),
(932, '10.29.116.52', 'หอพักดาราคาม 1,2-1', '1', 17),
(933, '10.29.116.53', 'หอพักดาราคาม 1,2-2', '1', 17),
(934, '10.29.116.54', '116.54 ดาราคาม 1,2', '1', 17),
(935, '10.29.116.55', '116.55 ดาราคาม 1,2', '1', 17),
(936, '10.29.116.56', 'หอพักดาราคาม 1,2-5', '1', 17),
(937, '10.29.116.57', 'หอพักดาราคาม 1,2', '1', 17),
(938, '10.29.116.58', 'หอพักดาราคาม 1,2', '2', 17),
(939, '10.29.116.59', 'ลานจอดรถด้านหอพักปิ่นสงขลา', '1', 12),
(940, '10.29.116.6', 'ดาหลา1 FL1-3', '1', 12),
(941, '10.29.116.60', 'หอพักดาราคาม 1 (ด้านหลัง ฝั่งลานจอด)', '2', 19),
(942, '10.29.116.61', 'หอพักดาราคาม 1,2', '1', 12),
(943, '10.29.116.62', 'หอพักปิ่นสงขลา1,2-2', '1', 12),
(944, '10.29.116.63', '116.63 ปิ่นสงขลา 1_2 ประตูขวา', '1', 17),
(945, '10.29.116.64', 'หอพักปิ่นสงขลา 1,2 ประตูกลาง', '1', 17),
(946, '10.29.116.65', 'หอพักปิ่นสงขลา 1,2 ประตูซ้าย', '1', 17),
(947, '10.29.116.66', 'หอพักปิ่นสงขลา1 ถนนเข้าออก', '1', 17),
(948, '10.29.116.67', 'หอพักปิ่นสงขลา2 ด้านหลัง', '1', 17),
(949, '10.29.116.68', 'ลานจอดรถหอพักปิ่นสงขลา 2', '1', 17),
(950, '10.29.116.69', 'หอพักปิ่นสงขลา1,2-1', '1', 17),
(951, '10.29.116.70', 'หอพักดาราคาม 1 (ด้านหลัง ฝั่งหอพักบินหลา4)', '1', 12),
(952, '10.29.116.71', 'หอพักดาราคาม 1 (ทางเดินหลังบินหลา 4)', '1', 12),
(953, '10.29.117.10', '117.10 งามทักษิณ1 L1', '1', 17),
(954, '10.29.117.11', '117.11 งามทักษิณ1 L2', '1', 17),
(955, '10.29.117.12', '117.12 งามทักษิณ1 L3', '1', 17),
(956, '10.29.117.13', '117.13 งามทักษิณ1 L4', '1', 17),
(957, '10.29.117.14', '117.14 งามทักษิณ1 L5', '1', 17),
(958, '10.29.117.15', '117.15 งามทักษิณ1 L6', '1', 17),
(959, '10.29.117.16', '117.16 งามทักษิณ 1 (ท้าย)', '1', 17),
(960, '10.29.117.17', '117.17 งามทักษิณ1 ทางเข้าออกฝั่งประตู 108', '1', 17),
(961, '10.29.117.18', '117.18 ถนนหน้างามทักษิณ 1', '1', 17),
(962, '10.29.117.19', '117.19 ถนนหน้างามทักษิณ 1', '2', 17),
(963, '10.29.117.20', '117.20 งามทักษิณ2 M1', '1', 17),
(964, '10.29.117.21', '117.21 งามทักษิณ2 M2', '1', 17),
(965, '10.29.117.22', '117.22 งามทักษิณ2 M3', '1', 17),
(966, '10.29.117.23', '117.23 งามทักษิณ2 M4', '1', 17),
(967, '10.29.117.24', '117.24 งามทักษิณ2 M5', '1', 17),
(968, '10.29.117.25', '117.25 งามทักษิณ2 M6', '1', 17),
(969, '10.29.117.26', '117.26 ถนนหน้างามทักษิณ 2', '1', 17),
(970, '10.29.117.27', '117.27 งามทักษิณ3 N1', '1', 17),
(971, '10.29.117.28', '117.28 งามทักษิณ3 N2', '1', 17),
(972, '10.29.117.29', '117.29 งามทักษิณ3 N3', '1', 17),
(973, '10.29.117.30', '117.30 งามทักษิณ3 N4', '1', 17),
(974, '10.29.117.31', '117.31 งามทักษิณ3 N5', '1', 17),
(975, '10.29.117.32', '117.32 งามทักษิณ3 N6', '1', 17),
(976, '10.29.117.33', '117.33 ถ.หน้างามทักษิณ 3', '1', 17),
(977, '10.29.117.34', '117.34 ถ.หน้างามทักษิณ 3', '1', 17),
(978, '10.29.117.35', '117.35 รอบงามทักษิณ3', '1', 17),
(979, '10.29.117.36', '117.36 รอบงามทักษิณ3', '1', 17),
(980, '10.29.118.10', 'หอพักเวชคาม 1 ถนนเข้าออก', '1', 17),
(981, '10.29.118.11', 'หอพักเวชคาม 1 รอบนอก-1', '1', 17),
(982, '10.29.118.12', 'หอพักเวชคาม 1 ถนนเข้าออก (ฝั่งหอพักงามทักษิณ 3)', '1', 17),
(983, '10.29.118.13', 'หอพักเวชคาม1 I1', '1', 17),
(984, '10.29.118.14', 'หอพักเวชคาม1 I2', '1', 17),
(985, '10.29.118.15', 'หอพักเวชคาม1 I3', '1', 17),
(986, '10.29.118.16', 'หอพักเวชคาม1 I4', '1', 17),
(987, '10.29.118.17', 'หอพักเวชคาม2 H1', '1', 17),
(988, '10.29.118.18', 'หอพักเวชคาม2 H2', '1', 17),
(989, '10.29.118.19', 'หอพักเวชคาม2 H3', '1', 17),
(990, '10.29.118.20', 'หอพักเวชคาม2 H4', '1', 17),
(991, '10.29.118.21', 'หอพักเวชคาม2 ถนนเข้าออก', '1', 17),
(992, '10.29.118.22', 'หอพักเวชคาม2 ถนนด้านหน้า', '1', 17),
(993, '10.29.118.23', 'หอพักเวชคาม2 ถนนด้านหน้า', '1', 17),
(994, '10.29.118.26', 'หอพักเวชคาม3 G2', '1', 17),
(995, '10.29.118.27', 'หอพักเวชคาม3 G3', '1', 17),
(996, '10.29.118.28', 'หอพักเวชคาม3 G4', '1', 17),
(997, '10.29.118.29', 'หอพักเวชคาม3 รอบ-1', '1', 17),
(998, '10.29.118.30', 'หอพักเวชคาม3 รอบ-2', '1', 17),
(999, '10.29.118.31', 'หอพักเวชคาม3 รอบ-3 (ด้านหอพักงามทักษิณ 3)', '1', 17),
(1000, '10.29.118.32', 'C 118.32 ด้านหลังเวชคาม3', '1', 12),
(1001, '10.29.118.33', '118.33 ด้านหลังเวชคาม3', '1', 12),
(1002, '10.29.118.51', '118.51  เวชคาม3 ประตู G1', '2', 12),
(1003, '10.29.119.10', 'ศรีตรัง1 ทางขึ้น1', '1', 17),
(1004, '10.29.119.11', 'ศรีตรัง1 ทางขึ้น2', '1', 17),
(1005, '10.29.119.12', 'ศรีตรัง1 รอบ-1', '1', 17),
(1006, '10.29.119.13', 'ศรีตรัง1 ประตูหลังหอพัก', '1', 17),
(1007, '10.29.119.14', 'ศรีตรัง1 รอบ-2 ', '2', 17),
(1008, '10.29.119.15', 'ศรีตรัง1 รอบ-3', '2', 17),
(1009, '10.29.119.16', 'ศรีตรัง1 รอบ-4', '1', 17),
(1010, '10.29.119.17', 'ศรีตรัง1 รอบ-5', '1', 17),
(1011, '10.29.119.18', '119.18 ศรีตรัง2', '1', 17),
(1012, '10.29.119.19', 'ศรีตรัง2-1', '1', 17),
(1013, '10.29.119.20', 'ศรีตรัง2-2', '1', 17),
(1014, '10.29.119.21', 'ศรีตรัง2-3', '1', 17),
(1015, '10.29.119.22', 'ศรีตรัง2-4', '1', 17),
(1016, '10.29.119.23', 'ศรีตรัง2-5', '1', 17),
(1017, '10.29.119.24', 'ศรีตรัง2-6', '1', 17),
(1018, '10.29.119.25', 'ศรีตรัง2-7', '1', 17),
(1019, '10.29.119.26', 'ศรีตรัง3-1', '1', 17),
(1020, '10.29.119.27', 'ศรีตรัง3-2', '1', 17),
(1021, '10.29.119.28', 'ศรีตรัง3-3', '1', 17),
(1022, '10.29.119.29', 'ศรีตรัง3-4', '1', 17),
(1023, '10.29.119.30', 'ศรีตรัง3-5', '1', 17),
(1024, '10.29.119.31', 'ศรีตรัง3-6', '1', 17),
(1025, '10.29.119.32', 'ศรีตรัง3-7', '1', 17),
(1026, '10.29.119.35', 'ศรีตรัง4-1', '1', 17),
(1027, '10.29.119.36', 'ศรีตรัง4-2', '1', 17),
(1028, '10.29.119.37', 'ศรีตรัง4-3', '1', 17),
(1029, '10.29.119.38', 'ศรีตรัง4-4', '1', 17),
(1030, '10.29.119.39', 'ศรีตรัง4-5', '1', 17),
(1031, '10.29.119.40', 'ศรีตรัง4-6', '1', 17),
(1032, '10.29.119.41', 'ศรีตรัง4-7', '1', 17),
(1033, '10.29.119.42', 'ศรีตรัง4-8', '1', 17),
(1034, '10.29.119.43', 'ศรีตรัง5-2', '1', 17),
(1035, '10.29.119.44', 'ศรีตรัง5-3', '1', 17),
(1036, '10.29.119.45', 'ศรีตรัง5-4', '1', 17),
(1037, '10.29.119.46', 'ศรีตรัง5-5', '1', 17),
(1038, '10.29.119.47', 'ศรีตรัง5-6', '1', 17),
(1039, '10.29.119.48', 'ศรีตรัง5-7', '1', 17),
(1040, '10.29.119.49', 'ศรีตรัง 5 ด้านหลัง1', '1', 17),
(1041, '10.29.119.50', 'ศรีตรัง 5 ด้านหลัง2', '1', 17),
(1042, '10.29.120.10', 'หอพักศรีตรัง6 รอบ1', '1', 17),
(1043, '10.29.120.100', '120.100 ศรีตรัง8 FL 13', '1', 17),
(1044, '10.29.120.101', '120.101 ศรีตรัง8 FL 13', '1', 17),
(1045, '10.29.120.102', '120.102 ศรีตรัง8 FL 13', '1', 17),
(1046, '10.29.120.103', '120.103 ศรีตรัง8 FL 14', '1', 17),
(1047, '10.29.120.104', '120.104 ศรีตรัง8 FL 14', '1', 17),
(1048, '10.29.120.105', '120.105 ศรีตรัง8 FL 14', '1', 17),
(1049, '10.29.120.106', '120.106 ศรีตรัง8 FL 14', '1', 17),
(1050, '10.29.120.107', '120.107 ศรีตรัง8 FL 14', '1', 17),
(1051, '10.29.120.108', '120.108 ศรีตรัง8 FL 15', '1', 17),
(1052, '10.29.120.109', '120.109 ศรีตรัง8 FL 15', '1', 17),
(1053, '10.29.120.11', 'หอพักศรีตรัง6 ทางขึ้น', '1', 17),
(1054, '10.29.120.110', '120.110 ศรีตรัง8 FL 15', '1', 17),
(1055, '10.29.120.111', '120.111 ศรีตรัง8 FL 15', '1', 17),
(1056, '10.29.120.112', '120.112 ศรีตรัง8 FL 15', '1', 17),
(1057, '10.29.120.113', '120.114 รอบนอกศรีตรัง8', '3', 17),
(1058, '10.29.120.114', 'โถงใต้หอพักศรีตรัง8 FL 1-9', '3', 17),
(1059, '10.29.120.12', 'หอพักศรีตรัง6 รอบ2', '1', 17),
(1060, '10.29.120.121', 'หอพักดาหลา1 ลานจอดรถ-1', '1', 17),
(1061, '10.29.120.122', 'ดาหลา1 รอบอาคาร-2', '1', 17),
(1062, '10.29.120.123', 'ลานจอดรถดาหลา1-2', '1', 17),
(1063, '10.29.120.124', 'หอพักดาหลา1 ลานจอดรถ-3', '1', 17),
(1064, '10.29.120.125', 'ถนนทางเข้าออกหอพักดาหลา1-4 ติดอ.วิจัย', '1', 17),
(1065, '10.29.120.126', 'ดาหลา1 FL1-1', '1', 17),
(1066, '10.29.120.127', 'ดาหลา1 FL1-2', '1', 17),
(1067, '10.29.120.129', 'หอพักดาหลา1 X108', '1', 17),
(1068, '10.29.120.13', '120.13 ศรีตรัง6 รอบ', '1', 17),
(1069, '10.29.120.130', 'ดาหลา1 X2', '1', 17),
(1070, '10.29.120.131', 'ดาหลา1 X109', '1', 17),
(1071, '10.29.120.132', 'ดาหลา2 ทางขึ้นหอพัก', '1', 17),
(1072, '10.29.120.133', 'ดาหลา2 FL1-1', '1', 17),
(1073, '10.29.120.134', 'ถนนทางเข้าออกหอพักดาหลา1-2', '1', 17),
(1074, '10.29.120.135', 'ดาหลา2 FL1-3', '1', 17),
(1075, '10.29.120.136', 'ดาหลา1 รอบอาคาร-1', '1', 17),
(1076, '10.29.120.137', 'ดาหลา2 FL1-2', '1', 17),
(1077, '10.29.120.138', 'ดาหลา2 ประตูY1', '1', 17),
(1078, '10.29.120.139', 'ดาหลา2 Y109', '1', 17),
(1079, '10.29.120.14', 'หอพักศรีตรัง6 รอบ4', '1', 17),
(1080, '10.29.120.140', '120.140 ศรีตรัง8 ลิฟท์1', '1', 17),
(1081, '10.29.120.141', '120.141 ศรีตรัง8 ลิฟท์2', '2', 17),
(1082, '10.29.120.142', '120.142 ศรีตรัง8 ลิฟท์3', '1', 17),
(1083, '10.29.120.143', 'ดาหลา1 รอบอาคาร-4', '1', 17),
(1084, '10.29.120.144', 'ดาหลา1 รอบอาคาร-3', '1', 17),
(1085, '10.29.120.15', 'หอพักศรีตรัง6 รอบ5', '1', 17),
(1086, '10.29.120.16', 'หอพักศรีตรัง6 รอบ6', '1', 17),
(1087, '10.29.120.17', 'หอพักศรีตรัง7 ทางขึ้นหอพัก-1', '1', 17),
(1088, '10.29.120.18', 'หอพักศรีตรัง7 ทางขึ้นหอพัก-2', '1', 17),
(1089, '10.29.120.19', 'ศรีตรัง 7 สนามเทนนิส', '1', 17),
(1090, '10.29.120.20', 'หอพักศรีตรัง7 รอบ-1', '1', 17),
(1091, '10.29.120.21', 'หอพักศรีตรัง7 รอบ-2', '1', 17),
(1092, '10.29.120.22', 'หอพักศรีตรัง7 รอบ-3', '1', 17),
(1093, '10.29.120.23', 'หอพักศรีตรัง7 รอบ-4', '1', 17),
(1094, '10.29.120.30', '120.30 ลานจอดรถศรีตรัง8', '1', 17),
(1095, '10.29.120.31', '120.31 ด้านหลังศรีตรัง8', '2', 17),
(1096, '10.29.120.32', '120.32 ด้านหลังศรีตรัง8', '1', 17),
(1097, '10.29.120.33', '120.33 ลานจอดรถศรีตรัง8', '1', 17),
(1098, '10.29.120.34', '120.34 ทางเข้าศรีตรัง8', '1', 17),
(1099, '10.29.120.35', '120.35 ลานจอดรถศรีตรัง8', '3', 17),
(1100, '10.29.120.36', '120.36 โถงลิฟท์ศรีตรัง8 ชั้น1', '1', 17),
(1101, '10.29.120.37', '120.37 โถงลิฟท์ศรีตรัง8 ชั้น1', '1', 17),
(1102, '10.29.120.38', '120.38 ศรีตรัง8 FL 1', '1', 17),
(1103, '10.29.120.39', '120.39 โถงใต้หอพักศรีตรัง8 ', '1', 17),
(1104, '10.29.120.40', '120.40 ประตูเข้าออกศรีตรัง8 ', '1', 17),
(1105, '10.29.120.41', '120.41 โถงใต้หอพักศรีตรัง8 ', '1', 17),
(1106, '10.29.120.42', '120.42 ศรีตรัง8 FL 1', '1', 17),
(1107, '10.29.120.43', '120.43 ศรีตรัง8 FL 2', '3', 17),
(1108, '10.29.120.44', '120.44 ศรีตรัง8 FL 2', '1', 17),
(1109, '10.29.120.45', '120.45 ศรีตรัง8 FL 2', '3', 17),
(1110, '10.29.120.46', '120.46 ศรีตรัง8 FL 2', '1', 17),
(1111, '10.29.120.47', '120.47 ศรีตรัง8 FL 2', '1', 17),
(1112, '10.29.120.48', '120.48 ศรีตรัง8 FL 3', '1', 17),
(1113, '10.29.120.49', '120.49 ศรีตรัง8 FL 3', '1', 17),
(1114, '10.29.120.50', '120.50 ศรีตรัง8 FL 3', '1', 17),
(1115, '10.29.120.51', '120.51 ศรีตรัง8 FL 3', '1', 17),
(1116, '10.29.120.52', '120.52 ศรีตรัง8 FL 3', '1', 17),
(1117, '10.29.120.53', '120.53 ศรีตรัง8 FL 4', '1', 17),
(1118, '10.29.120.54', '120.54 ศรีตรัง8 FL 4', '1', 17),
(1119, '10.29.120.55', '120.55 ศรีตรัง8 FL 4', '1', 17),
(1120, '10.29.120.56', '120.56 ศรีตรัง8 FL 4', '1', 17),
(1121, '10.29.120.57', '120.57 ศรีตรัง8 FL 4', '1', 17),
(1122, '10.29.120.58', '120.58 ศรีตรัง8 FL 5', '1', 17),
(1123, '10.29.120.59', '120.59 ศรีตรัง8 FL 5', '1', 17),
(1124, '10.29.120.60', '120.60 ศรีตรัง8 FL 5', '1', 17),
(1125, '10.29.120.61', '120.61 ศรีตรัง8 FL 5', '1', 17),
(1126, '10.29.120.62', '120.62 ศรีตรัง8 FL 5', '1', 17),
(1127, '10.29.120.63', '120.63 ศรีตรัง8 FL 6', '1', 17),
(1128, '10.29.120.64', '120.64 ศรีตรัง8 FL 6', '1', 17),
(1129, '10.29.120.65', '120.65 ศรีตรัง8 FL 6', '1', 17),
(1130, '10.29.120.66', '120.66 ศรีตรัง8 FL 6', '1', 17),
(1131, '10.29.120.67', '120.67 ศรีตรัง8 FL 6', '1', 17),
(1132, '10.29.120.68', '120.68 ศรีตรัง8 FL 7', '1', 17),
(1133, '10.29.120.69', '120.69 ศรีตรัง8 FL 7', '1', 17),
(1134, '10.29.120.70', '120.70 ศรีตรัง8 FL 7', '1', 17),
(1135, '10.29.120.71', '120.71 ศรีตรัง8 FL 7', '1', 17),
(1136, '10.29.120.72', '120.72 ศรีตรัง8 FL 7', '1', 17),
(1137, '10.29.120.73', '120.73 ศรีตรัง8 FL 8', '1', 17),
(1138, '10.29.120.74', '120.74 ศรีตรัง8 FL 8', '1', 17),
(1139, '10.29.120.75', '120.75 ศรีตรัง8 FL 8', '1', 17),
(1140, '10.29.120.76', '120.76 ศรีตรัง8 FL 8', '1', 17),
(1141, '10.29.120.77', '120.77 ศรีตรัง8 FL 8', '1', 17),
(1142, '10.29.120.78', '120.78 ศรีตรัง8 FL 9', '1', 17),
(1143, '10.29.120.79', '120.79 ศรีตรัง8 FL 9', '1', 17),
(1144, '10.29.120.80', '120.80 ศรีตรัง8 FL 9', '1', 17),
(1145, '10.29.120.81', '120.81 ศรีตรัง8 FL 9', '1', 17),
(1146, '10.29.120.82', '120.82 ศรีตรัง8 FL 9', '1', 17),
(1147, '10.29.120.83', '120.83 ศรีตรัง8 FL 10', '1', 17),
(1148, '10.29.120.84', '120.84 ศรีตรัง8 FL 10', '1', 17),
(1149, '10.29.120.85', '120.85 ศรีตรัง8 FL 10', '1', 17),
(1150, '10.29.120.86', '120.86 ศรีตรัง8 FL 10', '1', 17),
(1151, '10.29.120.87', '120.87 ศรีตรัง8 FL 10', '3', 17),
(1152, '10.29.120.88', '120.88 ศรีตรัง8 FL 11', '1', 17),
(1153, '10.29.120.89', '120.89 ศรีตรัง8 FL 11', '1', 17),
(1154, '10.29.120.90', '120.90 ศรีตรัง8 FL 11', '1', 17),
(1155, '10.29.120.91', '120.91 ศรีตรัง8 FL 11', '1', 17),
(1156, '10.29.120.92', '120.92 ศรีตรัง8 FL 11', '1', 17),
(1157, '10.29.120.93', '120.93 ศรีตรัง8 FL 12', '1', 17),
(1158, '10.29.120.94', '120.94 ศรีตรัง8 FL 12', '1', 17),
(1159, '10.29.120.95', '120.95 ศรีตรัง8 FL 12', '1', 17),
(1160, '10.29.120.96', '120.96 ศรีตรัง8 FL 12', '1', 17),
(1161, '10.29.120.97', '120.97 ศรีตรัง8 FL 12', '1', 17),
(1162, '10.29.120.98', '120.98 ศรีตรัง8 FL 13', '1', 17),
(1163, '10.29.120.99', '120.99 ศรีตรัง8 FL 13', '2', 17),
(1164, '10.29.121.10', 'ฉบ. ทางขึ้นลานจอดรถ', '2', 1),
(1165, '10.29.121.101', '121.101ถนนทางเข้าออกดาหลา1', '1', 17),
(1166, '10.29.121.102', 'ศรีตรัง3-8', '3', 17),
(1167, '10.29.121.102', 'ศรีตรัง1 รอบ-2 ', '1', 17),
(1168, '10.29.121.103', '121.103 ศรีตรัง3', '1', 17),
(1169, '10.29.121.104', '121.104 หอพักศรีตรัง 1', '1', 17),
(1170, '10.29.121.105', 'ถนนหน้าหอพักศรีตรัง 1', '2', 17),
(1171, '10.29.121.106', 'PTZ หอพักดาหลา', '1', 17),
(1172, '10.29.121.107', '180 dahua ทางแยกหน้าดาราคาม 3', '3', 17),
(1173, '10.29.121.107', 'หอพักบินหลา 4 รอบ', '3', 17),
(1174, '10.29.121.108', 'ทางแยกทรัพยากรธรณี', '2', 17),
(1175, '10.29.121.109', 'หน้าอ.นันทนาการ', '2', 19),
(1176, '10.29.121.11', 'ฉบ. ทางออกลานจอดรถ', '1', 19),
(1177, '10.29.121.110', '180 แยกหอพักประสานใจ 3', '2', 17),
(1178, '10.29.121.115', '121.115 ทางแยกหน้าศรีตรัง6', '2', 17),
(1179, '10.29.121.12', 'ศรีตรัง1 ประตูหลัง', '3', 12),
(1180, '10.29.121.12', 'ANPR ฉบ.ขาเข้า', '3', 1),
(1181, '10.29.121.13', 'ANPR ฉบ.ขาออก', '3', 1),
(1182, '10.29.121.14', 'รัตนชีวรักษ์ ไม้กันขาเข้า', '2', 8),
(1183, '10.29.121.15', 'รัตนชีวรักษ์ ไม้กันขาออก', '2', 8),
(1184, '10.29.121.16', '180 หน้าบริหาร', '2', 2),
(1185, '10.29.121.17', '180 หน้าบริหาร สำรอง', '2', 2),
(1186, '10.29.121.17', 'ถนนทางเข้าออกหอพักดาหลา1-3', '2', 17),
(1187, '10.29.121.18', 'ทางเข้า-ออกศรีตรัง 1', '1', 17),
(1188, '10.29.121.22', 'PTZ หอพักดาหลา', '1', 17),
(1189, '10.29.121.27', 'บริหาร FL 3 งานคลังประตูเซฟ', '1', 2),
(1190, '10.29.121.37', 'ไม้ยกทางเข้างานทักษิณ', '1', 19),
(1191, '10.29.121.40', 'ไม้ยกขาออกดารคาม1,2', '1', 19),
(1192, '10.29.121.41', 'ภายในโรงจอดรถบัส', '1', 19),
(1193, '10.29.121.42', 'ภายในโรงจอดรถบัส', '1', 19),
(1194, '10.29.121.44', 'ทางเข้าโรงจอดรถบัส', '1', 19),
(1195, '10.29.121.46', 'ทางเข้าโรงจอดรถบัส', '1', 19),
(1196, '10.29.121.47', 'ทางออกปุณกัณฑ์', '1', 19),
(1197, '10.29.121.54', 'หอพักเวชคาม2 ถนนด้านหน้า (ด้านหอพักงามทักษิณ 2)', '2', 17),
(1198, '10.29.121.65', 'โถงใต้หอพักบินหลา4', '3', 17),
(1199, '10.29.121.86', 'ศรีตรัง1 รอบ-4', '1', 19),
(1200, '10.29.122.11', 'ศาลาหลวงปู่ทวด1', '1', 19),
(1201, '10.29.122.12', 'ศาลาหลวงปู่ทวด2', '1', 19),
(1202, '10.29.122.13', 'ศาลาหลวงปู่ทวด3', '1', 19),
(1203, '10.29.122.14', 'ศาลาหลวงปู่ทวด4', '1', 19),
(1204, '10.29.122.15', 'หอพักดาราคาม 1 (ด้านหลัง ฝั่งหอพักบินหลา 4) ศาลาหลวงปู่', '1', 19),
(1205, '10.29.122.16', 'ศาลาหลวงปู่ทวด', '2', 19),
(1206, '10.29.122.19', 'ศาลาหลวงปู่ทวด', '2', 19),
(1207, '10.29.122.20', 'ศาลาหลวงปู่ทวด5', '2', 19),
(1208, '10.29.122.21', 'ทางเดินรอบสระน้ำศรีตรัง', '3', 19),
(1209, '10.29.122.22', 'ทางเดินรอบสระน้ำศรีตรัง', '2', 19),
(1210, '10.29.122.23', 'ทางเดินรอบสระน้ำศรีตรัง-3', '3', 19),
(1211, '10.29.122.24', 'ทางเดินรอบสระน้ำศรีตรัง-4', '1', 19),
(1212, '121.116', 'หน้า อ.บริหาร', '2', 19),
(1213, '121.24', 'ลานจอดรถอาคารบริหาร', '2', 19),
(1214, '121.28', 'เยื้องอาคารบริหาร เครื่องเร่งอนุภาค', '2', 19),
(1215, '121.3', 'ลานจอดรถคณบดี', '2', 19),
(1216, '121.36', 'ด้านหลังเครื่องสูบน้ำ', '2', 19),
(1217, '122.11', 'หลวงปู่1', '3', 19),
(1218, 'Unknow', 'ทางลาดหน้าประตู OPD 2', '3', 19),
(1219, 'Unknow', 'จุดรับส่ง OPD 1', '3', 19),
(1220, 'Unknow', 'ทางเชื่อมหน้าโรงพยาบาล', '3', 19),
(1221, 'Unknow', 'ทางเข้า OPD 2', '3', 19),
(1222, 'Unknow', 'ทางลาดประตู OPD 2', '3', 19),
(1223, 'Unknow', 'จุดรับส่ง OPD 2', '3', 19),
(1224, 'Unknow', 'ทางเข้า OPD 1', '3', 19),
(1225, 'Unknow', 'แนวถนนหน้าโรงพยาบาล', '3', 19),
(1226, 'Unknow', 'ทางลาดประตู OPD 1', '3', 19),
(1227, 'Unknow', 'จุดรอการเปล OPD 1', '3', 19),
(1228, 'Unknow', 'จุดรับส่ง OPD 1', '3', 19),
(1229, 'Unknow', 'ไม้ยกทางออกดาราคาม 1', '3', 19),
(1230, 'Unknow', 'ไม้ยกทางเข้าบินหลา 2', '3', 19),
(1231, 'Unknow', 'ไม้ยกทางออกบินหลา 2', '3', 19),
(1232, 'Unknow', 'หน้าหอพักบินหลา 2-1', '3', 19),
(1233, 'Unknow', 'หอพักบินหลา 2-2', '3', 19),
(1234, 'Unknow', 'ลานจอดรถมอเตอร์ไซค์บ่อบำบัดน้ำ', '3', 19),
(1235, 'Unknow', 'ประตูเย็นศิระด้านรถออก', '3', 19),
(1236, 'Unknow', 'ลานจอดรถมอเตอร์ไซค์บ่อบำบัดน้ำ', '3', 19),
(1237, 'Unknow', 'วงเวียนประตูทางเข้ามหาวิทยาลัย 1', '3', 19),
(1238, 'Unknow', 'วงเวียนประตูทางเข้ามหาวิทยาลัย', '3', 19),
(1239, 'Unknow', 'แยกหอพักดาราคาม 3', '3', 19),
(1240, 'Unknow', 'ทางเข้าลานจอดรถหอพักบินหลา 4', '3', 19),
(1241, 'Unknow', 'ถนนหน้ารัตนชีวรักษ์', '3', 19),
(1242, 'Unknow', 'จุดรับส่ง OPD 1', '3', 19),
(1243, 'Unknow', 'บันไดทางลงโรงอาหารหน้าโรงพยาบาล', '3', 19),
(1244, 'Unknow', 'ลานจอดรถมอเตอร์ไซค์หน้าโรงพยาบาล', '3', 19),
(1245, 'Unknow', 'วงเวียนประตูทางเข้ามหาวิทยาลัย 2', '3', 19),
(1246, 'Unknow', 'จุดรับส่งหน้า OPD 1', '3', 19),
(1247, 'Unknow', 'จุดรับส่งหน้า OPD 2', '3', 19),
(1248, 'Unknow', 'วงเวียนประตูทางเข้ามหาวิทยาลัย 2', '3', 19),
(1249, 'Unknow', 'หอพักเวชคาม 3', '3', 19),
(1250, 'Unknow', 'หอพักเวชคาม 3', '3', 19),
(1251, 'Unknow', 'ทางออกลานจอดรถโรงพยาบาล', '3', 19),
(1252, 'Unknow', 'หน้าบริหาร', '3', 19),
(1253, 'Unknow', '180ถนนด้านหลังบริหาร', '3', 19),
(1254, 'Unknow', 'สวนหย่อมข้างร้านกาแฟ', '3', 19),
(1255, 'Unknow', 'ลานจอดรถบ่อบำบัด', '3', 19),
(1256, 'Unknow', 'PTZ ประตู 108', '3', 19),
(1257, 'Unknow', 'ประตูพระบารมี 1', '3', 19),
(1258, 'Unknow', 'ประตูพระบารมี 2', '3', 19),
(1259, 'Unknow', 'ประตูพระบารมี 3', '3', 19),
(1260, 'Unknow', 'ประตูพระบารมี 4', '3', 19),
(1261, 'Unknow', 'ประตูพระบารมี 5', '3', 19),
(1262, 'Unknow', 'ภายในโรงจอดรถบัส', '3', 19),
(1263, 'Unknow', 'ภายในโรงจอดรถบัส', '3', 19),
(1264, 'Unknow', 'ทางเข้าโรงจอดรถบัส', '3', 19),
(1265, 'Unknow', 'สวนหย่อมข้างร้านกาแฟ', '3', 19),
(1266, 'Unknow', 'ทางขึ้นบันไดเลื่อน', '3', 19),
(1267, 'Unknow', 'ทางเดินออกนอกโรงพยาบาล', '3', 19),
(1268, 'Unknow', 'รัตนชีวรักษ์ FL B1-1', '3', 19),
(1269, 'Unknow', 'รัตนชีวรักษ์ FL B1-2', '3', 19),
(1270, 'Unknow', 'PTZ ถนนหน้ารัตนชีวรักษ์', '3', 19),
(1271, 'Unknow', 'รัตนชีวรักษ์ FL B1-12', '3', 19),
(1272, 'Unknow', 'รัตนชีวรักษ์ FL B1-13', '3', 19),
(1273, 'Unknow', 'ลานจอดประตูเย็นศิระ', '3', 19),
(1274, 'Unknow', 'ด้านหลังรัตนะ', '3', 19),
(1275, 'Unknow', 'ลานจอดรถประตูเย็นศิระ', '3', 19),
(1276, 'Unknow', '10.29.108.71', '3', 19),
(1277, 'Unknow', 'ถนนหน้ารัตนชีวรักษ์', '3', 19),
(1278, 'Unknow', 'ลานจอดมอเตอร์ไซค์ประตูบารมี ', '3', 19),
(1279, 'Unknow', 'ลานจอดมอเตอร์ไซค์หน้าโรงพยาบาลฝั่งประตูบารมี 1', '3', 19),
(1280, 'Unknow', 'ลานจอดรถมอเตอร์ไซค์หน้าโรงพยาบาล...', '3', 19),
(1281, 'Unknow', '103.23 ฉบ.ลานจอด3B', '3', 19),
(1282, 'Unknow', 'ทางเข้าลานจอดรถ_New', '3', 19),
(1283, 'Unknow', 'ทางออกลานจอดรถ_New', '3', 19),
(1284, 'Unknow', 'ใกล้หอพักศรีตรัง 1_New', '3', 19),
(1285, 'Unknow', 'กลางลานส่องกรีนคาเฟต_New', '3', 19),
(1286, 'Unknow', 'มุมสุดหลังลานจอดติดริมรั้งโรงรถ_New', '3', 19),
(1287, 'Unknow', 'หลังร้านไก่แจ้_New', '3', 19),
(1288, 'Unknow', 'กลางลานส่องโรงรถ_New', '3', 19),
(1289, 'Unknow', 'หลังลานจอดใกล้หอพักศรีตรัง 4_New', '3', 19),
(1290, 'Unknow', 'ลานจอดรถข้างนันทนาการ', '3', 19),
(1291, 'Unknow', 'PTZ ลานจอดรถศูนย์อาหาร ฉบ.', '3', 19),
(1292, 'Unknow', 'ลานจอดรถหน้า รพ.1', '3', 19),
(1293, 'Unknow', 'ลานจอดรถหน้า รพ.2', '3', 19),
(1294, 'Unknow', 'ลานจอดรถหน้า รพ.3', '3', 19),
(1295, 'Unknow', 'ลานจอดรถหน้า รพ.4', '3', 19),
(1296, 'Unknow', 'ลานจอดรถหน้า รพ.5', '3', 19),
(1297, 'Unknow', 'ลานจอดรถหน้า รพ.6', '3', 19),
(1298, 'Unknow', 'ลานจอดรถหน้า รพ.7', '3', 19),
(1299, 'Unknow', 'ลานจอดรถหน้า รพ.8', '3', 19),
(1300, 'Unknow', 'ลานจอดรถหน้าโรงพยาบาล', '3', 19),
(1301, 'Unknow', 'ลานจอดรถมอเตอร์ไซค์หน้าโรงพยาบาล 2', '3', 19),
(1302, 'Unknow', 'ลานจอดรถหน้าโรงพยาบาล 1', '3', 19),
(1303, 'Unknow', 'ลานจอดรถหน้าโรงพยาบาล 2', '3', 19),
(1304, 'Unknow', 'ศาลาหลวงปู่ทวด', '3', 19),
(1305, 'Unknow', 'หน้าเวชคาม3  ประตูปุณกัณฑ์', '3', 19),
(1306, 'Unknow', 'หอพักเวชคาม3 ไม้ยก', '3', 19),
(1307, 'Unknow', 'หอพักบินหลา 4 (151.51)', '3', 19),
(1308, 'Unknow', 'หอพักศรีตรัง1 แนวถนน', '3', 19),
(1309, 'Unknow', 'หอพักศรีตรัง 5 ด้านหลัง PTZ', '3', 19),
(1310, 'Unknow', 'แนวถนนประสานใจ3 หน้าวิจัย', '3', 19);

-- --------------------------------------------------------

--
-- Table structure for table `tbl_ipc_status`
--

CREATE TABLE `tbl_ipc_status` (
  `ipc_status` int(11) NOT NULL,
  `ipc_status_name` varchar(32) NOT NULL
) ENGINE=InnoDB DEFAULT CHARSET=utf8mb4 COLLATE=utf8mb4_general_ci;

--
-- Dumping data for table `tbl_ipc_status`
--

INSERT INTO `tbl_ipc_status` (`ipc_status`, `ipc_status_name`) VALUES
(1, 'Online'),
(2, 'Offline'),
(3, 'In Progress');

-- --------------------------------------------------------

--
-- Table structure for table `tbl_place`
--

CREATE TABLE `tbl_place` (
  `place_id` int(11) NOT NULL,
  `place_name` varchar(32) NOT NULL
) ENGINE=InnoDB DEFAULT CHARSET=utf8mb4 COLLATE=utf8mb4_general_ci;

--
-- Dumping data for table `tbl_place`
--

INSERT INTO `tbl_place` (`place_id`, `place_name`) VALUES
(1, 'อาคารเฉลิมพระบารมี'),
(2, 'อาคารบริหาร'),
(3, 'อาคารสูติ-กุมารเวช'),
(4, 'อาคารอายุรกรรม-ศัลยกรรม'),
(5, 'อาคารศัลยกรรม'),
(6, 'อาคาร 100 ปี'),
(7, 'อาคารตาหูคอจมูก'),
(8, 'อาคารรัตนชีวรักษ์'),
(9, 'อาคารออร์โทพิดิกส์'),
(10, 'อาคารพยาธิวิทยา'),
(11, 'อาคารรังสีวิทยา'),
(12, 'อาคารศรีเวช'),
(13, 'อาคารวิจัย'),
(14, 'อาคารชีวเวชศาสตร์'),
(15, 'อาคารไซโครตรอน'),
(16, 'อาคารแพทยศาสตร์'),
(17, 'อาคารหอพัก'),
(18, 'ไม้ยก'),
(19, 'ไม่ได้ระบุสถานที่');

-- --------------------------------------------------------

--
-- Table structure for table `tbl_roles`
--

CREATE TABLE `tbl_roles` (
  `role_id` int(11) NOT NULL,
  `role_name` varchar(32) NOT NULL COMMENT 'ตำแหน่ง'
) ENGINE=InnoDB DEFAULT CHARSET=utf8mb4 COLLATE=utf8mb4_general_ci;

--
-- Dumping data for table `tbl_roles`
--

INSERT INTO `tbl_roles` (`role_id`, `role_name`) VALUES
(1, 'Admin'),
(2, 'Technician'),
(3, 'Employee'),
(4, 'Manager');

-- --------------------------------------------------------

--
-- Table structure for table `tbl_user`
--

CREATE TABLE `tbl_user` (
  `user_Id` int(11) NOT NULL COMMENT 'ไอดี',
  `username` varchar(20) NOT NULL COMMENT 'รหัสผู้ใช้งาน',
  `password` varchar(32) NOT NULL COMMENT 'รหัสผ่าน',
  `u_name` varchar(30) NOT NULL COMMENT 'ชื่อ',
  `u_lastname` varchar(30) NOT NULL COMMENT 'นามสกุล',
  `u_tel` varchar(20) NOT NULL COMMENT 'เบอร์โทร',
  `u_email` varchar(50) NOT NULL COMMENT 'อีเมล์',
  `u_role` int(11) NOT NULL COMMENT 'ตำแหน่ง'
) ENGINE=InnoDB DEFAULT CHARSET=utf8mb4 COLLATE=utf8mb4_general_ci;

--
-- Dumping data for table `tbl_user`
--

INSERT INTO `tbl_user` (`user_Id`, `username`, `password`, `u_name`, `u_lastname`, `u_tel`, `u_email`, `u_role`) VALUES
(1, 'ITVT_001', '7dac116e4c088ba9a72fe41cdf2e54a4', 'สุกฤษฎิ์', 'แซ่เลี้ยว', '0942547377', 'reballkungzaza1159@gmail.com', 2),
(2, 'ITVT_002', 'bb917f9c534e506ed132539b55eaaf06', 'นิธิ', 'ทองวงศ์', '0897586942', 'nithi_it@gmail.com', 2),
(7, 'ITVT_003', 'd4ba4fac621446c422411a38ff7ac801', 'ภานุวัฒน์', 'บัวเพชร', '0985641256', 'poompoomrock@gmail.com', 2),
(99, 'admin', '21232f297a57a5a743894a0e4a801fc3', 'ปฏิภาณ', 'เหล็กหมาด', '0874754914', 'admin.itvertex@gmail.com', 1),
(101, 'nattawat', '0fe094808e0d1c4cc755a2dbd50afc40', 'ณัฐวัฒน์', 'แสงคง', '0905412365', 'nattawat_sangkong@gmail.com', 4),
(103, 'wingate', '21232f297a57a5a743894a0e4a801fc3', 'Wingate', 'Administrator', '0698455123', 'wingate@gmail.com', 1);

--
-- Indexes for dumped tables
--

--
-- Indexes for table `tbl_access_ct`
--
ALTER TABLE `tbl_access_ct`
  ADD PRIMARY KEY (`ac_id`);

--
-- Indexes for table `tbl_customer`
--
ALTER TABLE `tbl_customer`
  ADD PRIMARY KEY (`cus_id`);

--
-- Indexes for table `tbl_device`
--
ALTER TABLE `tbl_device`
  ADD PRIMARY KEY (`device_id`);

--
-- Indexes for table `tbl_device_brand`
--
ALTER TABLE `tbl_device_brand`
  ADD PRIMARY KEY (`brand_id`);

--
-- Indexes for table `tbl_device_types`
--
ALTER TABLE `tbl_device_types`
  ADD PRIMARY KEY (`device_type_id`);

--
-- Indexes for table `tbl_ipc`
--
ALTER TABLE `tbl_ipc`
  ADD PRIMARY KEY (`ipc_id`);

--
-- Indexes for table `tbl_ipc_status`
--
ALTER TABLE `tbl_ipc_status`
  ADD PRIMARY KEY (`ipc_status`);

--
-- Indexes for table `tbl_place`
--
ALTER TABLE `tbl_place`
  ADD PRIMARY KEY (`place_id`);

--
-- Indexes for table `tbl_roles`
--
ALTER TABLE `tbl_roles`
  ADD PRIMARY KEY (`role_id`);

--
-- Indexes for table `tbl_user`
--
ALTER TABLE `tbl_user`
  ADD PRIMARY KEY (`user_Id`);

--
-- AUTO_INCREMENT for dumped tables
--

--
-- AUTO_INCREMENT for table `tbl_access_ct`
--
ALTER TABLE `tbl_access_ct`
  MODIFY `ac_id` int(11) NOT NULL AUTO_INCREMENT, AUTO_INCREMENT=414;

--
-- AUTO_INCREMENT for table `tbl_customer`
--
ALTER TABLE `tbl_customer`
  MODIFY `cus_id` int(11) NOT NULL AUTO_INCREMENT, AUTO_INCREMENT=12;

--
-- AUTO_INCREMENT for table `tbl_device`
--
ALTER TABLE `tbl_device`
  MODIFY `device_id` int(11) NOT NULL AUTO_INCREMENT, AUTO_INCREMENT=21;

--
-- AUTO_INCREMENT for table `tbl_device_brand`
--
ALTER TABLE `tbl_device_brand`
  MODIFY `brand_id` int(11) NOT NULL AUTO_INCREMENT, AUTO_INCREMENT=18;

--
-- AUTO_INCREMENT for table `tbl_device_types`
--
ALTER TABLE `tbl_device_types`
  MODIFY `device_type_id` int(11) NOT NULL AUTO_INCREMENT COMMENT 'รหัสอุปกรณ์', AUTO_INCREMENT=5;

--
-- AUTO_INCREMENT for table `tbl_ipc`
--
ALTER TABLE `tbl_ipc`
  MODIFY `ipc_id` int(11) NOT NULL AUTO_INCREMENT, AUTO_INCREMENT=1311;

--
-- AUTO_INCREMENT for table `tbl_ipc_status`
--
ALTER TABLE `tbl_ipc_status`
  MODIFY `ipc_status` int(11) NOT NULL AUTO_INCREMENT, AUTO_INCREMENT=4;

--
-- AUTO_INCREMENT for table `tbl_place`
--
ALTER TABLE `tbl_place`
  MODIFY `place_id` int(11) NOT NULL AUTO_INCREMENT, AUTO_INCREMENT=20;

--
-- AUTO_INCREMENT for table `tbl_roles`
--
ALTER TABLE `tbl_roles`
  MODIFY `role_id` int(11) NOT NULL AUTO_INCREMENT, AUTO_INCREMENT=5;

--
-- AUTO_INCREMENT for table `tbl_user`
--
ALTER TABLE `tbl_user`
  MODIFY `user_Id` int(11) NOT NULL AUTO_INCREMENT COMMENT 'ไอดี', AUTO_INCREMENT=104;
COMMIT;

/*!40101 SET CHARACTER_SET_CLIENT=@OLD_CHARACTER_SET_CLIENT */;
/*!40101 SET CHARACTER_SET_RESULTS=@OLD_CHARACTER_SET_RESULTS */;
/*!40101 SET COLLATION_CONNECTION=@OLD_COLLATION_CONNECTION */;
